cell_id,IDH1.2.209113112.C,NPM1.5.170837543.C,PTPN11.12.112888166.A,PTPN11.12.112888195.T,PTPN11.12.112888198.G,FLT3.13.28608311.X
c1,36,12,22,24,23,9
c2,37,20,40,40,35,34
c3,24,10,36,36,36,15
c4,92,26,86,86,80,30
c5,13,25,24,17,24,14
c6,26,18,31,31,31,21
c7,31,6,20,20,17,23
c8,28,18,19,19,18,9
c9,13,4,15,11,15,10
c10,18,12,26,24,26,9
c11,39,1,23,23,16,12
c12,34,4,31,31,24,5
c13,47,12,54,54,52,11
c14,45,56,31,31,27,25
c15,29,40,44,41,44,25
c16,48,32,46,46,38,11
c17,21,5,21,21,18,9
c18,17,8,29,29,24,7
c19,20,13,26,26,26,5
c20,64,18,51,43,51,45
c21,18,12,31,31,27,22
c22,20,28,26,26,23,15
c23,79,16,60,60,60,49
c24,64,46,66,57,57,35
c25,36,3,25,21,25,21
c26,25,12,31,28,31,13
c27,28,6,19,13,19,13
c28,51,23,53,48,53,39
c29,37,26,24,24,24,8
c30,30,0,6,6,6,13
c31,50,21,7,7,5,8
c32,29,24,12,11,12,24
c33,49,4,15,15,14,51
c34,26,19,30,25,30,17
c35,36,20,29,24,24,26
c36,43,8,62,62,59,19
c37,66,13,30,30,30,31
c38,51,24,32,30,32,27
c39,11,11,18,14,18,8
c40,12,11,11,9,11,3
c41,66,12,65,69,69,42
c42,54,14,32,31,32,14
c43,46,29,32,32,32,23
c44,21,0,10,10,10,18
c45,38,10,52,45,45,28
c46,20,23,13,13,10,11
c47,13,0,22,22,17,5
c48,15,16,23,22,23,15
c49,35,4,31,31,31,8
c50,21,12,5,5,5,7
c51,49,6,39,39,33,21
c52,33,31,31,31,33,19
c53,28,5,22,22,22,15
c54,18,7,28,22,28,17
c55,23,33,25,25,25,12
c56,30,2,36,36,33,24
c57,76,12,48,48,47,22
c58,24,30,50,50,47,9
c59,22,14,21,21,21,16
c60,71,13,55,48,55,24
c61,59,27,64,64,64,91
c62,19,21,20,20,20,11
c63,64,23,60,60,58,25
c64,69,33,102,83,84,69
c65,38,41,32,32,26,24
c66,32,4,35,29,35,17
c67,17,3,26,26,24,6
c68,40,2,21,21,21,11
c69,19,5,19,16,19,4
c70,39,3,13,13,11,14
c71,28,2,18,13,13,10
c72,67,8,60,47,60,31
c73,35,5,30,30,23,15
c74,20,3,25,22,25,10
c75,84,21,74,74,67,31
c76,59,11,42,50,42,34
c77,49,10,41,37,41,23
c78,29,18,34,34,28,14
c79,15,4,27,26,27,3
c80,18,2,37,37,45,11
c81,21,19,19,13,19,14
c82,26,3,32,32,28,24
c83,19,5,21,17,21,17
c84,62,65,60,56,60,28
c85,29,20,74,65,74,27
c86,52,4,25,25,28,16
c87,17,16,16,16,16,8
c88,21,15,34,34,34,21
c89,24,40,38,33,38,25
c90,30,4,25,20,25,12
c91,27,9,8,8,7,15
c92,50,20,33,33,29,22
c93,26,4,28,28,28,8
c94,28,13,36,29,36,32
c95,29,19,43,43,39,35
c96,7,11,17,17,14,11
c97,37,32,31,30,31,28
c98,29,7,34,34,34,21
c99,28,4,14,11,14,10
c100,27,8,28,28,21,25
c101,39,9,29,29,27,28
c102,87,2,87,81,87,45
c103,20,5,26,19,26,28
c104,29,19,31,33,33,31
c105,34,15,29,29,29,14
c106,10,16,16,16,13,16
c107,25,7,26,26,21,13
c108,53,35,29,29,29,17
c109,29,24,34,32,34,14
c110,35,2,29,29,23,14
c111,13,21,12,11,12,10
c112,42,16,51,51,41,19
c113,25,11,9,9,6,18
c114,49,12,60,55,60,31
c115,44,0,47,45,47,19
c116,18,9,18,10,18,9
c117,33,7,34,31,34,31
c118,54,10,16,16,16,41
c119,21,2,21,16,21,21
c120,16,5,14,14,14,11
c121,60,1,4,3,4,26
c122,37,25,15,15,15,14
c123,41,0,39,39,35,51
c124,17,18,27,27,26,11
c125,29,39,28,28,28,19
c126,57,5,50,47,50,52
c127,71,10,64,64,62,33
c128,44,8,17,17,17,9
c129,41,4,21,21,21,13
c130,13,18,12,12,12,4
c131,30,8,43,40,43,32
c132,43,3,28,33,28,18
c133,13,0,20,20,17,6
c134,57,5,23,23,18,45
c135,19,7,31,30,31,19
c136,15,6,10,10,7,9
c137,14,14,5,4,5,5
c138,38,8,24,24,20,22
c139,25,5,18,18,17,8
c140,35,10,19,19,19,22
c141,17,5,19,15,19,6
c142,43,8,44,44,31,14
c143,20,8,26,24,26,8
c144,99,2,32,32,32,39
c145,40,3,33,31,33,17
c146,21,25,43,43,43,27
c147,48,17,32,32,32,13
c148,20,6,25,25,18,12
c149,12,13,21,19,21,7
c150,70,2,76,76,76,44
c151,48,9,25,25,25,9
c152,44,10,37,37,37,19
c153,29,7,28,28,28,16
c154,22,18,38,38,36,25
c155,24,12,7,7,7,6
c156,79,24,67,67,56,48
c157,34,8,25,19,25,14
c158,44,29,40,35,40,19
c159,45,10,43,43,35,19
c160,26,17,16,16,16,25
c161,22,3,23,19,23,19
c162,35,44,47,47,40,18
c163,11,2,19,15,19,20
c164,39,3,30,30,26,16
c165,74,13,93,88,93,22
c166,25,4,31,31,29,11
c167,31,5,23,15,23,10
c168,11,17,13,10,13,1
c169,62,29,56,56,56,26
c170,21,14,28,28,28,14
c171,19,9,17,17,14,7
c172,33,4,14,14,14,16
c173,56,5,31,31,31,23
c174,72,5,55,62,54,54
c175,62,26,74,74,74,40
c176,40,11,39,34,39,16
c177,38,9,62,77,77,29
c178,15,27,18,18,18,19
c179,106,21,66,66,64,33
c180,24,20,24,21,24,9
c181,15,2,4,4,4,23
c182,16,6,19,19,15,4
c183,24,10,13,13,12,16
c184,42,52,60,56,56,22
c185,34,40,28,28,28,20
c186,20,26,18,17,18,6
c187,109,12,105,105,91,77
c188,6,4,30,30,27,18
c189,44,0,2,2,2,25
c190,33,8,27,19,27,25
c191,26,6,23,21,23,17
c192,12,1,26,26,26,20
c193,38,10,61,54,62,33
c194,50,5,34,34,34,21
c195,33,17,23,23,23,23
c196,22,2,33,33,24,2
c197,9,6,8,8,5,5
c198,20,6,27,26,27,10
c199,27,2,13,13,13,16
c200,25,10,21,21,21,12
c201,19,8,30,29,30,13
c202,54,8,54,54,52,28
c203,21,29,27,25,27,9
c204,26,31,31,31,26,7
c205,19,8,13,13,13,13
c206,20,18,0,0,0,11
c207,41,28,24,23,24,24
c208,36,1,28,25,28,15
c209,66,2,32,32,32,27
c210,45,3,38,38,36,22
c211,17,9,16,15,16,9
c212,33,5,20,20,20,37
c213,29,26,33,33,33,32
c214,44,11,22,22,16,23
c215,40,0,20,20,20,29
c216,51,28,49,47,49,27
c217,37,14,30,28,30,19
c218,20,3,30,28,30,9
c219,54,30,51,46,51,33
c220,63,10,48,48,49,22
c221,21,39,41,41,32,20
c222,166,17,125,125,139,63
c223,94,14,37,37,37,13
c224,25,27,24,24,18,13
c225,34,7,30,30,27,11
c226,44,15,49,46,49,27
c227,41,42,50,42,50,25
c228,32,23,33,30,33,17
c229,27,2,30,20,20,10
c230,32,9,22,22,19,12
c231,20,9,12,11,12,9
c232,38,4,19,19,19,8
c233,31,12,17,17,17,14
c234,20,10,21,18,21,15
c235,28,13,22,22,22,6
c236,54,1,7,6,7,26
c237,26,6,21,21,21,9
c238,29,11,29,18,29,17
c239,30,0,28,28,21,26
c240,23,13,12,12,11,10
c241,37,14,40,40,31,33
c242,49,8,58,52,58,20
c243,17,4,17,17,17,13
c244,36,16,54,54,54,32
c245,18,25,18,18,18,9
c246,71,8,24,24,24,13
c247,11,11,19,16,19,8
c248,97,24,100,100,100,73
c249,37,2,39,36,39,21
c250,55,6,61,58,61,24
c251,9,20,23,21,23,7
c252,67,8,28,28,27,25
c253,56,7,47,47,50,49
c254,24,35,20,18,20,15
c255,24,5,28,25,25,6
c256,17,9,17,16,17,8
c257,16,3,15,15,14,7
c258,16,15,17,17,15,23
c259,37,8,25,25,20,42
c260,44,8,37,35,37,13
c261,23,13,30,30,23,22
c262,27,10,17,15,17,7
c263,12,9,15,15,15,5
c264,43,4,33,33,33,25
c265,13,11,16,16,12,17
c266,96,20,79,68,79,32
c267,30,36,33,37,33,12
c268,42,5,30,30,24,12
c269,30,3,28,28,28,33
c270,21,8,19,17,19,12
c271,15,18,19,19,18,11
c272,47,40,49,47,49,20
c273,15,22,20,20,19,11
c274,49,26,49,43,49,29
c275,49,2,35,30,35,3
c276,21,56,21,21,21,19
c277,56,31,72,72,70,43
c278,48,18,53,53,53,17
c279,61,4,20,20,20,11
c280,36,4,43,34,43,14
c281,42,4,29,23,29,24
c282,48,2,37,29,37,22
c283,35,5,23,23,22,12
c284,20,29,19,15,19,9
c285,66,2,14,14,14,1
c286,65,4,19,17,19,19
c287,53,3,19,19,19,27
c288,24,3,22,16,22,0
c289,40,0,44,44,35,11
c290,12,6,24,24,24,12
c291,22,11,24,22,22,10
c292,28,8,13,13,13,27
c293,100,35,98,98,77,29
c294,27,26,15,10,15,11
c295,14,7,20,20,16,9
c296,25,7,21,21,19,12
c297,28,5,38,32,38,33
c298,70,44,21,21,21,31
c299,53,4,29,29,29,28
c300,29,23,23,23,23,18
c301,18,25,11,11,11,15
c302,56,9,31,26,26,14
c303,26,7,38,38,32,11
c304,48,39,61,57,61,38
c305,32,16,33,30,33,27
c306,29,1,33,33,33,13
c307,38,2,39,35,39,75
c308,21,7,20,20,20,13
c309,10,42,28,28,23,19
c310,23,17,23,23,20,11
c311,29,2,31,24,31,13
c312,74,39,68,68,68,74
c313,36,29,40,40,38,19
c314,42,19,41,47,47,38
c315,50,43,68,68,68,41
c316,16,3,18,18,12,10
c317,20,11,22,22,22,12
c318,31,31,31,28,31,16
c319,11,10,15,15,15,6
c320,45,8,34,32,34,23
c321,20,2,26,23,23,8
c322,61,9,23,23,23,17
c323,45,28,39,39,39,23
c324,19,14,17,17,15,8
c325,42,7,22,22,19,9
c326,33,32,28,28,28,13
c327,21,0,31,30,31,7
c328,19,3,13,13,13,17
c329,43,17,22,20,22,20
c330,30,4,25,21,25,12
c331,33,13,25,25,17,14
c332,8,10,26,24,26,13
c333,26,36,34,34,34,34
c334,36,6,42,42,35,23
c335,14,8,24,24,24,28
c336,26,12,11,11,11,9
c337,47,9,56,53,56,31
c338,16,1,23,23,23,10
c339,24,7,14,14,10,9
c340,78,11,70,64,70,53
c341,28,23,39,39,38,21
c342,67,12,54,54,54,30
c343,36,35,24,24,24,15
c344,29,31,67,67,60,20
c345,58,20,39,39,39,36
c346,27,19,12,15,15,11
c347,32,5,21,14,14,13
c348,22,7,23,23,22,11
c349,30,3,23,18,23,10
c350,44,54,46,46,45,22
c351,75,6,40,40,32,34
c352,88,10,28,28,28,39
c353,31,14,23,23,20,13
c354,23,19,28,28,23,13
c355,43,2,25,22,25,18
c356,59,10,48,40,40,19
c357,47,37,46,46,44,17
c358,35,5,26,25,26,14
c359,20,22,20,15,20,12
c360,69,41,30,30,30,16
c361,12,24,10,10,10,7
c362,16,2,12,12,12,3
c363,39,8,21,21,19,23
c364,54,8,39,37,39,21
c365,20,10,14,14,14,9
c366,22,16,19,16,19,4
c367,88,13,89,83,89,50
c368,15,26,28,28,28,18
c369,80,19,78,69,69,21
c370,39,10,26,21,21,10
c371,30,6,18,17,18,5
c372,60,15,31,31,27,22
c373,28,8,11,11,11,19
c374,35,0,20,20,20,13
c375,108,58,104,104,88,46
c376,17,17,11,11,9,5
c377,13,29,25,25,25,6
c378,53,1,16,16,15,27
c379,18,14,12,12,12,10
c380,41,17,8,8,8,16
c381,79,26,86,86,86,35
c382,67,45,58,58,52,23
c383,62,9,59,56,59,21
c384,82,14,72,72,62,47
c385,84,3,97,97,93,78
c386,31,5,26,26,22,13
c387,19,7,17,17,18,14
c388,54,3,59,56,59,12
c389,24,15,33,33,29,13
c390,70,42,46,39,46,27
c391,42,10,17,14,17,7
c392,60,5,40,31,31,28
c393,24,1,24,21,24,20
c394,48,23,16,16,16,9
c395,33,15,38,34,38,22
c396,53,26,50,38,50,22
c397,20,13,21,18,21,10
c398,21,5,19,19,16,15
c399,17,4,24,17,24,17
c400,41,13,30,30,30,17
c401,27,16,14,11,14,10
c402,23,12,28,28,25,10
c403,43,3,44,44,40,24
c404,46,18,48,43,48,18
c405,36,22,26,26,22,14
c406,23,8,21,21,21,10
c407,29,5,25,22,25,9
c408,61,18,53,47,47,25
c409,18,8,42,42,36,17
c410,12,0,44,44,38,6
c411,16,15,34,34,37,18
c412,27,25,45,45,45,28
c413,29,4,60,54,54,13
c414,16,11,24,16,24,33
c415,16,3,30,30,30,26
c416,5,1,9,9,9,29
c417,5,2,8,8,8,15
c418,18,27,25,23,25,21
c419,24,45,46,35,46,31
c420,19,4,31,29,31,17
c421,15,5,19,13,19,8
c422,10,7,20,20,20,13
c423,37,48,38,38,35,20
c424,21,13,24,24,19,20
c425,39,25,45,45,45,25
c426,18,21,21,21,16,16
c427,15,11,12,12,12,13
c428,10,19,29,29,26,6
c429,13,17,19,18,19,8
c430,36,7,31,30,31,35
c431,20,5,27,26,27,10
c432,34,29,30,28,28,11
c433,23,20,15,15,15,17
c434,23,4,19,16,19,20
c435,28,3,22,22,22,14
c436,22,3,37,37,37,18
c437,56,10,19,27,19,24
c438,7,10,15,12,15,9
c439,37,9,26,20,26,13
c440,13,24,23,17,23,7
c441,16,15,11,11,11,2
c442,15,19,30,30,28,22
c443,30,9,15,15,15,9
c444,30,12,29,29,31,7
c445,62,17,44,44,40,19
c446,44,21,47,47,41,45
c447,13,8,13,13,13,9
c448,66,30,74,69,74,49
c449,35,22,27,21,27,25
c450,52,15,26,26,26,16
c451,13,6,13,13,12,10
c452,69,7,55,45,55,23
c453,19,36,32,26,32,14
c454,49,12,14,12,14,23
c455,32,5,23,23,23,14
c456,44,0,24,24,24,7
c457,38,3,35,31,35,18
c458,19,7,16,16,16,12
c459,29,0,24,24,17,15
c460,52,4,61,53,61,26
c461,17,18,22,22,20,5
c462,36,18,41,39,41,14
c463,13,13,16,14,16,11
c464,23,3,31,26,31,24
c465,31,2,16,16,11,20
c466,48,4,36,36,33,52
c467,38,6,57,49,57,16
c468,31,1,26,26,25,16
c469,29,1,16,9,16,7
c470,40,26,19,16,19,19
c471,46,35,34,32,34,18
c472,31,7,16,15,16,47
c473,26,13,23,23,23,6
c474,65,18,45,45,45,29
c475,55,12,38,38,38,31
c476,30,54,27,27,27,17
c477,34,7,30,27,27,17
c478,45,19,32,32,31,10
c479,20,24,19,17,19,13
c480,41,0,38,39,38,28
c481,13,13,15,13,15,14
c482,25,6,40,32,40,10
c483,37,6,27,20,27,8
c484,37,46,25,25,25,33
c485,68,29,40,34,40,20
c486,34,13,23,18,23,22
c487,10,23,22,20,22,14
c488,33,20,37,32,32,9
c489,26,14,26,26,23,16
c490,56,4,44,42,42,22
c491,43,13,35,35,35,29
c492,27,11,3,3,3,20
c493,58,3,54,54,51,28
c494,23,8,17,17,14,15
c495,67,0,23,23,23,19
c496,23,27,22,18,22,6
c497,49,5,31,27,27,13
c498,49,4,32,32,26,38
c499,50,18,52,49,49,42
c500,121,11,85,80,85,25
c501,21,18,23,23,22,11
c502,72,58,80,71,80,45
c503,34,19,30,29,30,16
c504,82,16,54,48,54,42
c505,35,3,13,11,13,17
c506,52,0,31,31,29,19
c507,67,4,29,25,29,21
c508,33,28,12,12,12,15
c509,37,49,20,20,20,14
c510,19,4,26,26,22,30
c511,37,7,31,29,31,25
c512,49,20,50,50,57,32
c513,54,7,55,51,55,50
c514,49,21,45,45,45,26
c515,31,21,41,38,41,21
c516,15,11,32,30,32,15
c517,33,3,34,24,34,15
c518,39,15,65,65,60,38
c519,19,16,6,6,3,7
c520,50,30,65,65,61,35
c521,66,5,44,44,49,14
c522,25,10,16,15,16,12
c523,25,21,30,26,30,15
c524,14,6,17,17,17,13
c525,36,6,42,42,41,13
c526,57,10,44,44,44,51
c527,19,36,29,29,24,19
c528,21,7,20,20,20,27
c529,14,6,12,12,12,8
c530,25,8,34,34,27,14
c531,16,16,10,10,10,4
c532,66,0,45,38,45,64
c533,23,16,18,17,18,8
c534,29,10,30,27,30,16
c535,29,18,34,29,34,13
c536,29,8,5,5,5,9
c537,16,14,13,13,14,12
c538,12,11,20,20,20,4
c539,49,14,40,40,36,20
c540,69,0,50,50,39,10
c541,12,19,15,15,15,3
c542,55,15,35,35,33,18
c543,12,25,20,18,20,9
c544,25,2,16,16,16,13
c545,74,57,40,40,39,24
c546,33,52,54,54,49,25
c547,27,8,25,25,25,22
c548,20,0,27,27,25,8
c549,17,3,28,22,28,4
c550,69,81,55,55,50,44
c551,22,2,20,20,20,22
c552,83,2,6,6,6,27
c553,26,9,18,18,13,18
c554,29,2,21,20,21,15
c555,36,4,7,7,7,17
c556,16,8,17,16,17,23
c557,35,0,10,10,10,13
c558,21,7,21,17,21,15
c559,29,5,23,23,22,23
c560,43,16,23,23,23,8
c561,93,9,85,73,73,41
c562,27,10,30,30,30,10
c563,36,4,34,31,34,22
c564,36,6,26,26,26,15
c565,56,46,69,69,63,30
c566,40,3,37,35,37,10
c567,42,0,36,31,36,16
c568,40,6,29,29,29,12
c569,28,14,15,15,14,12
c570,28,41,14,14,14,26
c571,31,34,40,36,40,29
c572,31,6,33,33,26,22
c573,40,4,33,32,33,8
c574,43,2,26,21,26,10
c575,41,8,15,15,10,34
c576,102,41,76,76,66,24
c577,30,11,44,44,38,21
c578,15,19,9,7,9,9
c579,25,8,45,45,45,14
c580,22,13,18,18,15,4
c581,17,6,15,15,8,5
c582,16,5,20,20,18,9
c583,26,7,25,25,19,10
c584,28,8,12,12,12,7
c585,21,16,35,35,35,17
c586,26,12,37,37,32,17
c587,28,0,32,29,32,11
c588,24,13,33,27,33,10
c589,31,7,27,22,27,10
c590,47,4,61,51,61,42
c591,22,0,19,14,19,11
c592,27,10,19,19,18,10
c593,17,19,25,25,25,8
c594,41,32,34,27,34,25
c595,14,16,20,16,20,6
c596,27,20,47,42,47,30
c597,35,6,31,25,31,24
c598,38,33,68,65,65,26
c599,28,33,46,46,45,19
c600,17,4,13,13,11,5
c601,36,0,30,22,30,12
c602,18,10,14,11,14,8
c603,22,3,22,22,22,18
c604,23,9,28,28,28,9
c605,49,6,62,62,59,29
c606,6,0,18,18,13,6
c607,36,3,17,17,17,13
c608,40,3,43,43,43,16
c609,70,70,63,63,57,25
c610,29,26,11,11,11,6
c611,40,19,33,25,25,20
c612,33,3,19,17,19,18
c613,76,9,46,46,37,12
c614,29,19,19,18,18,20
c615,25,8,29,25,29,22
c616,168,11,152,130,152,66
c617,9,2,17,11,17,6
c618,19,19,16,16,14,7
c619,30,16,16,16,16,6
c620,27,11,25,25,20,10
c621,69,6,41,41,41,26
c622,24,7,34,34,33,18
c623,21,5,27,22,27,14
c624,42,2,25,22,25,11
c625,21,12,35,31,35,8
c626,47,7,54,46,54,21
c627,52,2,34,34,30,10
c628,52,10,49,37,49,19
c629,17,38,21,21,21,13
c630,21,3,22,22,16,7
c631,109,78,75,75,71,44
c632,21,4,19,19,19,43
c633,40,9,29,24,29,12
c634,16,10,20,20,15,29
c635,76,10,34,34,32,50
c636,42,44,34,32,34,29
c637,15,12,20,20,20,12
c638,18,2,18,18,15,18
c639,24,4,22,17,17,5
c640,37,0,28,28,23,13
c641,45,11,40,40,40,61
c642,45,63,65,65,63,38
c643,32,0,31,31,31,45
c644,24,6,15,15,15,12
c645,29,25,13,13,13,12
c646,54,23,48,47,48,31
c647,20,5,19,19,19,22
c648,32,5,33,33,28,17
c649,37,34,28,28,28,12
c650,30,11,29,25,29,17
c651,27,47,27,31,31,7
c652,45,10,8,8,3,36
c653,37,10,42,42,39,24
c654,32,19,26,30,26,18
c655,27,24,36,36,32,17
c656,29,17,27,27,19,19
c657,73,10,63,53,63,24
c658,12,26,27,27,27,12
c659,23,9,26,26,26,10
c660,29,4,29,29,28,5
c661,79,58,67,73,73,35
c662,20,5,41,34,41,14
c663,20,2,22,18,22,23
c664,31,2,21,21,20,18
c665,31,23,32,32,32,21
c666,68,12,50,50,36,31
c667,48,2,20,20,20,10
c668,64,27,69,69,66,33
c669,36,12,29,29,22,23
c670,70,26,61,58,61,36
c671,26,3,39,39,39,17
c672,54,73,49,59,59,23
c673,21,10,18,18,15,12
c674,57,3,35,35,34,22
c675,18,23,19,19,16,11
c676,31,5,24,21,24,18
c677,18,32,31,31,25,16
c678,15,13,11,8,11,4
c679,13,29,21,21,18,19
c680,32,2,28,28,28,29
c681,124,5,63,56,63,177
c682,27,23,13,13,13,8
c683,19,14,33,33,33,16
c684,34,9,21,21,18,15
c685,39,5,23,23,21,18
c686,34,22,23,23,20,24
c687,33,44,45,45,42,22
c688,41,3,43,63,43,23
c689,18,4,36,36,36,11
c690,22,42,13,11,13,7
c691,17,3,26,26,18,24
c692,38,0,0,0,0,25
c693,31,3,40,39,40,25
c694,16,0,19,17,19,29
c695,29,6,25,25,25,28
c696,38,10,20,19,20,12
c697,37,16,39,33,39,26
c698,20,16,8,8,8,17
c699,27,0,33,25,33,13
c700,21,25,25,25,25,22
c701,76,18,77,77,73,48
c702,26,25,20,17,20,7
c703,14,8,9,8,9,6
c704,12,17,13,13,11,8
c705,28,16,34,31,34,20
c706,24,2,23,23,18,21
c707,63,32,45,42,45,31
c708,18,27,30,23,30,7
c709,50,12,87,87,76,28
c710,39,13,40,40,47,21
c711,41,6,35,35,32,15
c712,18,5,16,16,16,25
c713,27,7,38,37,38,9
c714,14,13,24,24,24,20
c715,44,52,44,44,37,24
c716,43,6,63,61,63,23
c717,28,11,19,15,19,8
c718,28,0,30,30,25,27
c719,21,15,32,32,28,15
c720,37,61,55,60,60,23
c721,41,20,36,28,36,28
c722,23,36,29,25,29,20
c723,24,35,29,28,29,10
c724,31,21,21,20,21,11
c725,95,16,101,96,101,44
c726,43,42,35,35,33,24
c727,29,27,32,27,32,22
c728,31,11,39,33,39,25
c729,36,8,43,43,43,23
c730,32,4,28,23,28,14
c731,23,13,31,30,31,19
c732,18,12,16,16,16,13
c733,16,3,31,31,27,20
c734,24,19,27,27,22,15
c735,45,5,55,57,57,33
c736,48,0,47,47,35,19
c737,43,3,46,42,46,20
c738,58,23,50,50,48,39
c739,13,7,23,23,23,6
c740,35,48,41,37,41,16
c741,33,8,25,21,25,28
c742,47,7,29,27,29,36
c743,44,19,46,46,37,30
c744,20,15,10,6,10,7
c745,33,6,33,33,31,25
c746,32,16,23,23,17,22
c747,32,15,11,11,8,27
c748,42,2,30,28,30,12
c749,21,16,24,24,19,14
c750,33,8,33,32,32,9
c751,16,0,43,43,43,7
c752,12,14,16,14,16,2
c753,35,4,21,19,21,14
c754,14,37,30,30,30,16
c755,46,0,41,39,41,19
c756,16,2,13,13,12,27
c757,31,2,22,18,22,26
c758,24,2,27,27,25,13
c759,43,9,33,23,33,35
c760,22,3,24,24,24,19
c761,10,19,35,35,34,10
c762,10,20,35,31,35,12
c763,31,13,27,27,27,22
c764,85,6,48,48,39,27
c765,24,0,20,20,17,24
c766,12,28,29,29,30,17
c767,16,8,21,19,21,14
c768,16,9,18,16,18,9
c769,67,46,39,39,39,28
c770,38,18,28,27,28,18
c771,35,5,23,22,23,12
c772,59,3,60,60,56,15
c773,23,8,24,24,24,23
c774,18,12,13,13,12,6
c775,43,3,34,34,24,22
c776,73,15,88,76,76,20
c777,25,22,43,32,43,17
c778,76,7,43,43,42,24
c779,84,28,94,92,92,45
c780,37,2,33,33,28,10
c781,81,4,38,33,38,27
c782,28,8,26,25,25,21
c783,19,11,29,22,29,19
c784,56,15,66,58,66,53
c785,25,13,16,14,14,6
c786,74,6,50,40,50,40
c787,15,8,20,20,17,13
c788,28,15,23,18,23,20
c789,60,6,45,43,45,23
c790,58,15,25,25,25,58
c791,22,7,4,4,4,30
c792,12,17,15,15,14,9
c793,28,4,25,19,25,22
c794,14,11,7,7,7,4
c795,24,16,27,27,27,24
c796,29,22,25,23,23,20
c797,18,21,13,12,13,15
c798,28,37,22,22,19,23
c799,35,31,51,45,45,21
c800,15,26,23,22,23,11
c801,81,33,71,65,71,37
c802,45,0,25,25,25,23
c803,12,5,11,11,11,6
c804,24,15,32,31,32,14
c805,22,8,31,29,29,9
c806,69,4,51,51,51,24
c807,28,5,20,20,19,11
c808,21,4,35,33,34,14
c809,34,18,1,1,1,23
c810,12,8,30,30,25,16
c811,23,6,20,20,17,17
c812,68,24,48,48,48,23
c813,49,2,15,15,15,4
c814,17,9,13,13,11,10
c815,39,11,42,42,39,24
c816,53,11,76,76,71,18
c817,48,12,48,48,36,13
c818,26,26,22,22,22,14
c819,20,9,13,13,13,15
c820,24,2,20,17,20,8
c821,47,14,44,44,36,15
c822,25,16,31,31,28,13
c823,40,11,24,22,24,12
c824,17,17,14,14,14,8
c825,83,22,27,27,27,50
c826,29,36,32,32,32,17
c827,38,40,34,34,30,20
c828,23,34,27,26,26,15
c829,21,13,18,17,18,5
c830,20,12,29,29,29,16
c831,16,15,20,20,20,10
c832,36,19,27,27,27,23
c833,38,21,32,31,32,15
c834,20,15,25,25,25,9
c835,36,3,25,25,25,7
c836,23,3,26,26,23,8
c837,15,13,15,15,15,9
c838,22,32,21,19,21,11
c839,20,11,14,14,14,9
c840,29,12,21,21,17,9
c841,28,6,1,1,1,16
c842,25,8,37,37,37,15
c843,16,7,16,12,16,9
c844,35,26,39,39,39,20
c845,23,39,39,35,39,14
c846,15,11,10,9,10,11
c847,31,20,42,38,42,19
c848,42,42,40,32,32,28
c849,67,19,43,43,38,27
c850,15,5,20,20,20,5
c851,18,2,22,16,22,12
c852,37,9,18,18,18,13
c853,30,43,27,23,27,21
c854,44,30,30,30,30,30
c855,97,6,2,2,2,100
c856,49,4,30,30,20,9
c857,34,4,33,33,33,26
c858,25,22,20,15,20,17
c859,17,8,23,23,17,1
c860,46,16,18,16,18,24
c861,26,13,37,35,37,30
c862,29,3,36,31,31,12
c863,19,18,25,25,25,17
c864,26,30,85,85,83,16
c865,33,3,25,25,25,11
c866,22,8,25,25,23,9
c867,13,36,21,18,21,17
c868,20,6,22,22,22,9
c869,30,3,34,33,34,18
c870,17,8,18,18,18,8
c871,36,21,33,33,31,17
c872,48,41,34,34,34,31
c873,31,10,34,34,30,10
c874,17,5,18,18,18,10
c875,21,0,33,33,31,16
c876,26,8,34,34,34,19
c877,24,5,16,16,16,10
c878,26,10,15,9,15,15
c879,41,16,46,43,46,32
c880,36,10,31,31,28,27
c881,69,75,76,83,83,44
c882,54,28,18,18,18,28
c883,42,7,41,40,41,26
c884,47,3,66,66,62,20
c885,31,12,25,15,25,9
c886,16,3,18,18,18,11
c887,20,3,28,26,28,15
c888,15,11,22,18,22,5
c889,32,2,11,11,11,9
c890,17,31,18,18,16,10
c891,8,22,17,17,17,12
c892,35,14,43,33,33,21
c893,22,16,42,42,32,34
c894,23,4,31,31,31,25
c895,15,12,19,17,19,9
c896,10,12,23,18,23,9
c897,66,0,10,10,10,16
c898,40,7,13,13,13,16
c899,28,16,27,26,27,6
c900,27,21,27,27,27,12
c901,27,4,25,22,25,14
c902,17,29,9,9,9,10
c903,66,54,78,64,64,27
c904,26,4,31,31,31,13
c905,41,46,60,48,60,29
c906,20,14,20,20,20,8
c907,40,3,41,41,37,14
c908,34,25,24,24,24,16
c909,27,4,15,14,14,14
c910,40,5,36,34,36,13
c911,44,0,32,32,25,25
c912,18,6,29,29,28,10
c913,34,40,44,42,44,21
c914,89,9,66,66,66,47
c915,50,34,41,31,31,28
c916,20,27,28,22,22,21
c917,77,2,42,42,42,32
c918,22,30,23,23,22,15
c919,19,15,11,9,11,7
c920,54,18,34,30,34,18
c921,14,4,21,16,21,9
c922,21,12,22,14,22,8
c923,25,24,13,13,13,6
c924,31,8,24,23,24,29
c925,58,9,43,43,42,17
c926,28,2,31,27,31,15
c927,12,7,17,16,17,8
c928,26,4,25,17,25,4
c929,24,30,52,41,52,16
c930,29,2,24,18,24,5
c931,34,16,34,34,34,13
c932,32,2,46,46,43,10
c933,70,22,84,77,84,41
c934,27,7,40,26,40,21
c935,35,3,17,17,14,11
c936,20,8,18,18,18,14
c937,12,17,24,24,21,12
c938,33,29,6,6,6,8
c939,50,15,28,28,28,23
c940,23,6,34,28,34,14
c941,49,18,41,39,41,22
c942,30,32,31,30,31,15
c943,15,11,28,27,28,13
c944,51,10,48,48,37,38
c945,17,16,27,27,27,7
c946,33,31,30,29,30,13
c947,30,15,34,33,34,18
c948,17,33,11,11,11,6
c949,61,10,49,49,47,17
c950,35,3,33,30,33,10
c951,40,8,29,27,29,38
c952,26,20,31,31,31,16
c953,60,6,31,25,31,17
c954,40,7,21,21,21,23
c955,23,14,15,15,12,18
c956,38,7,19,19,19,24
c957,25,2,23,18,23,14
c958,20,41,23,19,23,13
c959,37,5,25,17,17,19
c960,60,4,57,57,48,14
c961,52,3,65,63,63,18
c962,17,22,26,20,26,19
c963,35,8,30,30,24,11
c964,18,5,25,23,23,15
c965,92,34,46,46,46,37
c966,14,25,28,28,20,12
c967,45,22,28,23,28,31
c968,25,4,29,18,29,21
c969,21,6,21,21,19,7
c970,15,10,31,31,31,13
c971,27,18,22,21,22,20
c972,17,13,40,31,40,7
c973,58,0,37,37,37,32
c974,11,4,22,22,20,5
c975,17,26,16,15,16,9
c976,24,3,33,31,33,10
c977,43,18,17,14,17,17
c978,18,10,18,18,18,13
c979,60,21,49,46,49,16
c980,19,21,33,27,33,21
c981,47,6,27,22,27,31
c982,21,0,25,25,22,15
c983,18,9,41,32,41,10
c984,56,20,36,33,36,44
c985,61,6,52,43,44,24
c986,22,10,18,18,16,10
c987,15,8,5,5,5,9
c988,10,11,10,10,10,21
c989,41,21,36,33,36,35
c990,54,23,41,39,41,27
c991,24,27,18,17,18,13
c992,21,26,21,21,21,13
c993,14,10,14,12,12,8
c994,29,15,20,16,20,12
c995,30,13,40,40,32,22
c996,22,12,13,15,13,24
c997,17,11,27,27,17,13
c998,46,7,61,61,56,16
c999,12,3,22,22,17,12
c1000,7,18,12,12,7,14
c1001,38,37,27,22,27,22
c1002,24,6,65,65,57,28
c1003,53,41,63,63,63,28
c1004,30,2,29,25,29,18
c1005,36,10,41,41,39,26
c1006,12,25,23,23,16,9
c1007,28,31,60,60,58,29
c1008,81,9,72,56,72,39
c1009,25,22,22,22,21,10
c1010,71,9,41,36,41,15
c1011,58,4,43,43,43,27
c1012,16,29,20,20,16,7
c1013,11,20,22,22,22,12
c1014,131,18,83,83,83,36
c1015,18,28,22,22,22,5
c1016,28,40,16,16,16,13
c1017,11,2,15,15,15,7
c1018,72,24,38,38,38,29
c1019,23,6,41,34,41,14
c1020,33,19,41,41,40,19
c1021,79,47,78,63,78,51
c1022,11,5,16,16,16,20
c1023,11,10,23,21,23,10
c1024,20,4,12,11,12,12
c1025,8,11,13,13,13,9
c1026,34,18,25,22,25,34
c1027,32,2,20,20,18,8
c1028,18,12,22,19,22,7
c1029,17,4,21,21,21,4
c1030,25,21,37,36,37,26
c1031,70,7,26,31,26,2
c1032,16,18,18,18,18,21
c1033,40,11,32,32,32,19
c1034,74,4,64,64,56,20
c1035,43,7,49,44,49,29
c1036,30,23,19,19,17,17
c1037,20,2,38,38,30,15
c1038,18,2,25,25,19,15
c1039,66,12,46,46,46,34
c1040,14,21,16,16,16,7
c1041,25,8,19,19,17,7
c1042,38,6,32,32,27,12
c1043,55,19,97,97,83,48
c1044,24,5,14,13,14,7
c1045,37,5,24,22,24,26
c1046,30,17,21,21,21,13
c1047,28,1,11,11,11,15
c1048,26,52,35,35,35,8
c1049,14,24,38,29,38,15
c1050,33,7,33,28,33,8
c1051,20,2,22,14,22,2
c1052,20,21,33,32,32,35
c1053,21,28,29,29,29,18
c1054,26,7,19,14,19,14
c1055,24,2,32,28,32,18
c1056,44,21,31,29,31,41
c1057,42,3,29,29,32,24
c1058,31,8,37,32,37,10
c1059,83,4,46,46,46,15
c1060,57,15,40,40,40,21
c1061,12,18,9,9,7,10
c1062,47,25,58,58,58,31
c1063,17,11,28,26,28,15
c1064,70,48,67,67,67,42
c1065,27,12,26,30,30,14
c1066,25,13,21,21,20,14
c1067,43,4,42,42,39,13
c1068,21,13,13,13,12,8
c1069,21,17,32,27,32,15
c1070,22,25,21,21,18,11
c1071,39,3,18,13,18,13
c1072,54,7,45,45,45,14
c1073,34,15,24,22,24,10
c1074,14,10,19,19,19,8
c1075,31,5,37,37,37,11
c1076,46,43,52,52,50,25
c1077,22,0,22,22,22,7
c1078,37,29,19,18,19,18
c1079,10,6,36,36,34,20
c1080,55,4,13,13,9,42
c1081,18,0,14,14,14,9
c1082,42,2,22,22,19,13
c1083,18,24,41,41,35,19
c1084,34,3,18,18,16,6
c1085,30,11,24,20,24,30
c1086,48,8,21,19,21,12
c1087,42,5,38,37,38,22
c1088,80,8,57,51,57,20
c1089,82,2,44,40,40,16
c1090,27,11,25,25,24,23
c1091,86,20,61,61,61,57
c1092,18,14,17,16,17,11
c1093,18,0,20,18,20,9
c1094,18,13,36,36,28,19
c1095,51,5,37,37,32,24
c1096,20,18,14,14,14,13
c1097,11,6,32,30,32,18
c1098,13,25,5,5,4,10
c1099,24,2,36,36,34,25
c1100,37,3,32,30,32,18
c1101,25,4,11,11,8,10
c1102,18,5,17,17,16,12
c1103,35,13,14,14,14,23
c1104,24,15,32,22,32,26
c1105,38,1,37,34,37,17
c1106,50,6,50,38,50,23
c1107,38,34,35,32,35,27
c1108,42,18,32,26,32,19
c1109,34,11,37,37,36,4
c1110,22,22,22,22,22,19
c1111,8,29,26,19,26,15
c1112,21,5,24,24,22,9
c1113,15,18,17,13,17,12
c1114,23,13,19,18,19,12
c1115,63,3,46,44,46,33
c1116,19,20,27,22,27,15
c1117,7,13,11,11,11,14
c1118,11,31,29,29,22,11
c1119,77,38,50,50,49,29
c1120,15,14,25,24,25,9
c1121,25,13,40,38,40,17
c1122,28,15,29,21,29,16
c1123,22,4,22,16,22,20
c1124,36,38,26,26,26,23
c1125,24,21,26,19,26,19
c1126,21,18,23,23,23,6
c1127,31,30,16,13,16,13
c1128,21,24,33,33,31,9
c1129,34,62,54,54,49,26
c1130,8,14,14,14,12,10
c1131,43,17,32,27,27,20
c1132,35,0,18,17,18,21
c1133,20,27,14,14,10,8
c1134,25,12,23,22,23,13
c1135,40,24,49,40,49,19
c1136,16,4,21,16,21,10
c1137,42,4,28,28,28,26
c1138,39,39,27,27,27,29
c1139,21,3,22,22,14,5
c1140,31,44,50,49,50,25
c1141,31,14,8,6,8,3
c1142,26,2,30,25,30,18
c1143,50,0,29,29,29,11
c1144,42,8,27,18,27,12
c1145,48,46,60,60,60,56
c1146,51,3,41,40,41,29
c1147,38,22,8,8,8,29
c1148,69,8,46,40,40,32
c1149,38,0,25,25,25,32
c1150,41,3,27,22,22,23
c1151,50,2,13,13,13,6
c1152,20,4,13,13,13,9
c1153,64,10,58,58,53,22
c1154,29,7,37,32,37,17
c1155,26,11,44,38,44,10
c1156,24,7,36,35,36,19
c1157,60,36,68,68,61,84
c1158,53,8,74,74,71,14
c1159,22,2,23,30,30,11
c1160,40,39,40,40,39,23
c1161,24,9,19,19,19,11
c1162,22,2,40,40,38,9
c1163,21,2,18,18,18,18
c1164,13,47,40,40,30,18
c1165,13,14,12,12,12,10
c1166,153,9,47,42,47,36
c1167,10,20,18,18,15,19
c1168,101,53,98,98,90,75
c1169,39,16,29,29,30,12
c1170,33,0,15,15,14,25
c1171,19,0,30,30,22,16
c1172,19,6,23,23,23,10
c1173,21,16,16,16,16,10
c1174,54,9,24,24,24,37
c1175,12,15,12,12,10,9
c1176,9,10,18,13,18,8
c1177,46,2,11,11,11,20
c1178,25,14,9,9,9,21
c1179,32,20,24,21,24,11
c1180,42,3,36,30,36,14
c1181,28,4,18,14,18,13
c1182,17,4,23,23,19,13
c1183,55,6,37,36,37,20
c1184,71,104,55,52,52,38
c1185,44,32,54,54,53,13
c1186,43,55,30,23,30,18
c1187,39,25,17,16,17,10
c1188,75,13,73,73,58,38
c1189,33,22,25,25,24,24
c1190,31,11,37,47,47,22
c1191,22,0,15,15,15,10
c1192,12,9,37,36,37,16
c1193,11,9,26,23,26,11
c1194,73,13,84,84,76,29
c1195,24,16,26,24,26,15
c1196,19,20,4,4,4,7
c1197,18,20,18,18,18,5
c1198,19,9,20,20,16,17
c1199,33,23,28,28,25,17
c1200,20,20,16,16,16,11
c1201,38,0,26,21,26,12
c1202,65,10,35,34,35,41
c1203,35,5,28,28,29,8
c1204,38,24,28,27,28,18
c1205,46,5,38,38,36,23
c1206,40,5,30,30,30,41
c1207,12,9,11,11,11,10
c1208,24,10,18,17,18,12
c1209,22,16,22,18,22,11
c1210,22,11,22,22,18,9
c1211,42,15,32,32,32,22
c1212,18,10,18,17,18,5
c1213,33,8,63,63,49,25
c1214,64,4,19,19,19,33
c1215,16,5,22,22,22,12
c1216,28,7,14,17,17,13
c1217,25,3,19,17,19,8
c1218,13,9,21,18,21,11
c1219,31,16,21,21,21,18
c1220,33,7,21,21,17,21
c1221,16,13,14,12,14,12
c1222,25,15,26,26,22,13
c1223,17,14,18,18,18,15
c1224,6,26,15,15,14,12
c1225,42,9,71,62,71,31
c1226,30,7,27,27,25,15
c1227,51,16,45,45,42,22
c1228,34,6,39,38,39,11
c1229,41,2,32,30,32,22
c1230,91,3,42,42,42,24
c1231,23,8,17,17,17,18
c1232,13,15,26,26,24,10
c1233,54,29,41,32,41,26
c1234,13,31,32,32,32,9
c1235,31,21,32,32,29,26
c1236,30,2,35,35,31,16
c1237,37,10,42,42,37,32
c1238,20,18,13,13,11,20
c1239,24,4,24,19,24,16
c1240,31,0,16,16,16,13
c1241,48,13,21,17,17,32
c1242,124,5,85,85,85,75
c1243,49,19,45,45,39,5
c1244,28,25,16,16,16,4
c1245,55,9,61,61,54,13
c1246,11,36,21,16,21,10
c1247,40,13,36,31,36,32
c1248,19,3,22,22,18,12
c1249,63,58,49,49,49,42
c1250,24,2,24,20,24,12
c1251,12,5,28,22,28,12
c1252,14,14,19,19,19,7
c1253,60,6,55,55,45,26
c1254,48,31,62,48,62,36
c1255,18,9,21,21,17,17
c1256,19,13,24,19,24,3
c1257,19,0,17,17,16,3
c1258,56,5,51,51,39,17
c1259,77,12,42,33,42,30
c1260,35,3,31,30,31,20
c1261,17,8,15,15,9,10
c1262,35,12,17,17,15,25
c1263,87,47,83,76,83,60
c1264,71,13,60,60,60,27
c1265,21,21,23,23,23,12
c1266,25,34,33,29,33,16
c1267,64,4,77,77,71,19
c1268,19,2,14,14,13,19
c1269,28,5,30,22,30,18
c1270,93,47,28,28,28,44
c1271,17,12,15,10,15,8
c1272,21,11,35,30,35,9
c1273,123,11,85,79,85,54
c1274,19,22,26,24,26,13
c1275,152,7,104,94,104,59
c1276,31,23,28,28,28,26
c1277,36,7,33,31,33,11
c1278,28,15,35,33,35,16
c1279,22,15,21,14,21,15
c1280,22,2,35,35,32,10
c1281,47,3,32,32,28,22
c1282,17,10,26,26,25,6
c1283,34,13,41,41,40,18
c1284,28,5,29,29,29,20
c1285,48,7,30,30,30,19
c1286,45,16,45,40,45,34
c1287,45,9,49,49,49,28
c1288,39,29,46,46,38,18
c1289,57,5,27,27,27,8
c1290,24,5,20,20,20,12
c1291,30,34,19,19,19,13
c1292,22,9,22,22,18,14
c1293,34,20,29,29,29,16
c1294,25,13,35,35,28,29
c1295,45,5,29,29,28,30
c1296,20,6,20,20,16,11
c1297,16,11,25,24,25,11
c1298,22,8,14,12,14,8
c1299,83,87,104,92,92,46
c1300,35,2,13,12,13,24
c1301,58,34,70,65,70,20
c1302,19,21,12,12,12,15
c1303,52,2,31,31,31,31
c1304,34,3,19,18,19,16
c1305,25,18,30,23,30,6
c1306,18,27,16,16,15,10
c1307,21,20,21,21,17,10
c1308,41,16,30,30,21,37
c1309,19,22,21,21,21,7
c1310,49,16,37,37,37,17
c1311,38,20,37,37,33,12
c1312,39,13,23,23,23,21
c1313,11,3,9,9,9,5
c1314,37,17,55,47,55,37
c1315,28,13,37,33,37,14
c1316,26,7,42,38,42,14
c1317,50,4,41,41,37,13
c1318,80,31,52,49,49,40
c1319,45,17,32,32,32,26
c1320,51,0,20,20,20,18
c1321,45,4,42,42,42,19
c1322,85,9,61,61,61,25
c1323,27,5,16,16,13,9
c1324,22,8,34,34,41,16
c1325,66,9,53,53,46,34
c1326,41,7,33,27,33,20
c1327,50,5,22,22,17,44
c1328,49,13,57,57,49,34
c1329,59,34,50,43,50,24
c1330,32,11,42,36,42,24
c1331,17,14,18,18,16,13
c1332,17,10,29,29,29,14
c1333,18,9,22,22,22,12
c1334,39,51,43,38,43,18
c1335,21,20,16,16,16,11
c1336,22,22,16,14,16,12
c1337,21,11,17,17,13,9
c1338,20,7,26,35,35,21
c1339,27,47,33,26,33,17
c1340,51,4,32,29,32,20
c1341,17,13,5,5,5,16
c1342,31,19,24,23,24,26
c1343,44,37,40,40,40,23
c1344,31,42,40,40,40,28
c1345,72,11,42,42,42,18
c1346,23,9,18,18,14,10
c1347,29,13,30,32,32,13
c1348,53,23,78,73,73,22
c1349,35,3,39,38,39,14
c1350,37,5,23,23,21,12
c1351,10,21,24,24,19,11
c1352,16,23,27,27,24,8
c1353,25,2,14,14,12,4
c1354,13,11,8,8,7,6
c1355,66,13,55,48,55,22
c1356,30,6,60,61,61,17
c1357,45,12,43,43,35,32
c1358,20,25,14,12,14,7
c1359,24,5,22,21,22,19
c1360,49,18,66,62,66,31
c1361,72,44,65,59,65,25
c1362,34,7,15,15,13,10
c1363,20,7,22,24,24,12
c1364,18,2,13,13,12,14
c1365,41,8,32,32,29,25
c1366,18,12,9,9,9,14
c1367,24,2,17,16,17,8
c1368,50,0,17,17,17,12
c1369,24,11,28,28,28,24
c1370,71,27,80,80,66,24
c1371,35,9,36,36,28,13
c1372,49,8,29,25,29,24
c1373,46,16,39,38,37,29
c1374,67,38,51,40,40,25
c1375,73,18,66,62,61,31
c1376,45,5,34,30,34,19
c1377,42,1,6,6,6,17
c1378,42,5,39,39,39,40
c1379,52,8,49,49,48,16
c1380,31,11,22,22,17,12
c1381,32,7,24,20,24,14
c1382,38,4,35,35,35,13
c1383,21,16,39,39,36,39
c1384,29,3,15,15,12,20
c1385,20,11,14,14,13,3
c1386,30,3,22,19,22,10
c1387,27,5,26,25,26,11
c1388,99,23,104,100,104,78
c1389,11,0,26,22,26,8
c1390,72,3,65,65,65,33
c1391,63,4,48,48,46,16
c1392,20,9,14,14,14,7
c1393,70,3,32,29,32,13
c1394,9,16,25,20,25,12
c1395,36,26,40,35,40,16
c1396,27,2,26,26,26,6
c1397,28,26,53,53,50,38
c1398,43,4,41,41,41,39
c1399,17,17,9,9,9,13
c1400,16,12,15,11,15,11
c1401,19,6,19,19,16,3
c1402,14,21,25,25,22,11
c1403,53,3,37,37,37,20
c1404,21,11,22,22,22,5
c1405,28,5,31,31,28,16
c1406,19,12,14,14,12,14
c1407,0,23,21,21,20,6
c1408,59,45,89,89,89,37
c1409,33,26,20,19,20,12
c1410,29,5,14,8,14,10
c1411,24,16,25,25,24,10
c1412,43,6,40,40,32,20
c1413,22,2,21,21,20,15
c1414,26,34,19,17,19,18
c1415,40,22,23,23,23,20
c1416,24,7,21,19,21,19
c1417,78,6,73,64,73,39
c1418,75,52,69,69,69,45
c1419,52,50,22,22,22,24
c1420,34,32,39,39,33,20
c1421,79,31,54,54,54,20
c1422,55,4,26,24,24,24
c1423,39,9,32,32,32,21
c1424,21,9,22,22,20,10
c1425,9,13,10,8,10,4
c1426,80,15,65,56,65,30
c1427,20,10,21,21,21,9
c1428,40,27,35,31,35,19
c1429,37,11,22,22,22,15
c1430,44,6,29,26,29,20
c1431,20,22,21,23,21,5
c1432,22,12,39,39,33,14
c1433,20,26,23,19,23,9
c1434,46,4,33,33,29,16
c1435,23,10,37,37,37,23
c1436,85,18,50,44,50,35
c1437,31,40,33,33,34,16
c1438,24,9,28,28,28,5
c1439,64,2,76,76,76,28
c1440,33,12,37,37,35,15
c1441,26,0,38,35,38,14
c1442,37,3,19,19,18,9
c1443,28,2,23,17,17,13
c1444,20,5,23,19,23,10
c1445,70,5,52,52,51,19
c1446,55,14,60,60,54,50
c1447,31,0,11,11,11,14
c1448,29,22,42,42,33,19
c1449,10,17,25,20,25,17
c1450,42,7,13,13,13,13
c1451,20,19,19,19,19,12
c1452,31,9,32,32,32,35
c1453,87,38,73,73,73,71
c1454,69,25,57,54,57,28
c1455,5,0,12,12,12,0
c1456,35,15,27,20,20,24
c1457,36,58,47,46,47,24
c1458,34,9,32,29,32,12
c1459,14,9,20,20,20,2
c1460,41,14,47,37,47,25
c1461,92,50,44,44,44,54
c1462,15,12,19,14,19,5
c1463,62,5,44,44,38,24
c1464,25,8,38,38,34,28
c1465,54,3,39,39,37,35
c1466,41,20,29,25,29,21
c1467,64,11,33,30,33,29
c1468,22,11,31,31,31,14
c1469,36,15,43,43,42,22
c1470,24,11,26,19,26,13
c1471,45,8,29,28,29,28
c1472,34,5,25,25,30,15
c1473,24,8,19,18,19,16
c1474,94,5,36,36,36,22
c1475,21,10,25,25,19,10
c1476,31,34,23,22,23,11
c1477,44,12,29,31,29,10
c1478,41,33,21,21,19,18
c1479,28,5,7,7,7,15
c1480,19,10,18,18,15,11
c1481,22,26,30,22,30,17
c1482,35,24,29,29,21,33
c1483,18,3,15,15,12,11
c1484,60,2,33,33,31,13
c1485,17,27,30,30,33,15
c1486,22,17,44,44,44,22
c1487,14,8,33,33,29,15
c1488,21,7,21,19,21,7
c1489,14,9,40,34,40,25
c1490,31,24,18,17,18,15
c1491,16,8,14,11,14,5
c1492,25,26,27,27,27,37
c1493,22,12,30,30,20,26
c1494,19,12,20,19,20,11
c1495,34,3,38,37,38,20
c1496,24,6,43,37,43,7
c1497,47,5,43,43,43,31
c1498,53,6,39,45,39,19
c1499,15,7,10,10,8,7
c1500,57,44,56,56,52,28
c1501,63,7,65,65,65,23
c1502,29,3,27,27,27,25
c1503,37,36,24,21,21,32
c1504,24,18,30,29,30,22
c1505,20,3,28,28,28,14
c1506,11,18,15,15,15,2
c1507,31,15,27,27,24,18
c1508,23,30,24,24,21,13
c1509,12,41,22,18,22,13
c1510,22,16,18,16,18,10
c1511,23,11,29,25,25,12
c1512,27,7,27,24,27,21
c1513,92,9,38,38,38,19
c1514,17,0,19,19,14,18
c1515,13,2,17,17,17,14
c1516,48,3,33,33,33,45
c1517,14,12,8,8,8,6
c1518,13,12,12,12,11,6
c1519,18,7,17,11,17,12
c1520,23,27,51,49,51,14
c1521,39,17,42,42,39,28
c1522,53,33,50,50,41,35
c1523,32,3,14,14,14,21
c1524,39,3,12,7,12,9
c1525,33,22,22,19,22,25
c1526,23,12,14,11,14,6
c1527,54,5,47,47,43,39
c1528,1,2,5,4,5,15
c1529,40,1,35,26,35,25
c1530,41,28,34,34,34,29
c1531,21,24,19,19,18,11
c1532,19,12,11,9,11,11
c1533,33,8,50,50,48,30
c1534,72,9,54,54,49,17
c1535,25,34,23,23,23,15
c1536,54,65,66,62,62,36
c1537,114,23,90,73,90,34
c1538,30,4,19,19,19,11
c1539,78,30,71,86,71,23
c1540,33,3,27,27,25,16
c1541,30,15,33,33,33,30
c1542,62,17,27,23,27,26
c1543,66,6,21,21,21,17
c1544,29,8,29,29,27,19
c1545,46,35,70,59,59,38
c1546,57,25,66,66,66,45
c1547,44,31,18,16,18,19
c1548,19,5,12,12,12,8
c1549,44,0,13,13,10,12
c1550,20,2,24,23,24,10
c1551,32,51,67,58,67,20
c1552,47,24,45,44,45,32
c1553,33,52,28,28,28,29
c1554,31,7,43,43,35,21
c1555,21,8,18,18,15,14
c1556,10,16,13,12,13,11
c1557,26,4,28,21,28,27
c1558,21,4,26,21,26,12
c1559,54,1,20,20,15,33
c1560,16,20,14,11,14,10
c1561,15,13,24,24,24,9
c1562,46,0,26,20,26,17
c1563,30,13,21,21,21,10
c1564,17,10,34,34,34,11
c1565,26,19,31,31,28,19
c1566,25,7,37,34,34,32
c1567,74,12,50,50,45,29
c1568,37,6,28,21,28,21
c1569,50,12,52,46,46,40
c1570,29,11,36,30,36,12
c1571,35,47,10,10,10,24
c1572,50,4,38,33,38,14
c1573,31,1,12,12,10,14
c1574,40,4,18,18,17,15
c1575,22,0,32,30,32,15
c1576,25,6,26,24,26,16
c1577,42,5,31,31,31,15
c1578,65,69,50,39,50,38
c1579,56,7,47,40,47,19
c1580,25,2,18,18,18,7
c1581,40,4,19,19,19,12
c1582,35,4,41,41,41,22
c1583,33,4,32,32,32,22
c1584,57,47,58,58,54,20
c1585,56,15,32,30,32,21
c1586,26,18,23,25,23,15
c1587,28,12,25,25,25,27
c1588,35,9,21,21,20,14
c1589,18,8,20,20,18,8
c1590,43,4,19,19,19,23
c1591,18,23,13,13,13,11
c1592,13,18,17,17,17,9
c1593,13,12,26,26,22,15
c1594,53,10,29,39,39,16
c1595,70,10,93,93,77,42
c1596,26,3,30,30,28,18
c1597,11,27,27,24,27,11
c1598,20,17,35,35,29,14
c1599,23,13,30,30,24,16
c1600,51,30,60,60,60,28
c1601,22,13,41,41,41,17
c1602,43,10,23,23,21,33
c1603,79,80,63,63,62,46
c1604,9,13,14,14,14,7
c1605,16,37,32,32,31,14
c1606,28,17,37,37,32,14
c1607,34,3,7,7,7,13
c1608,55,14,58,58,56,41
c1609,27,0,24,16,24,21
c1610,17,14,18,16,18,3
c1611,25,21,18,18,18,16
c1612,92,55,81,81,77,35
c1613,44,20,27,27,27,22
c1614,11,20,17,17,16,12
c1615,32,10,8,8,8,17
c1616,28,27,14,14,12,11
c1617,27,39,31,31,30,16
c1618,39,12,33,33,26,27
c1619,38,0,28,28,28,15
c1620,43,2,14,11,14,10
c1621,15,26,11,11,11,13
c1622,67,50,47,47,45,21
c1623,51,8,46,46,43,47
c1624,20,14,15,15,14,6
c1625,16,30,21,15,21,10
c1626,22,7,18,18,14,15
c1627,32,4,27,27,24,16
c1628,18,22,26,18,26,11
c1629,28,7,33,25,33,22
c1630,27,10,17,17,17,11
c1631,24,10,32,26,32,14
c1632,32,5,30,30,26,21
c1633,37,8,13,13,13,15
c1634,25,7,26,20,26,11
c1635,31,7,28,28,26,19
c1636,55,7,38,28,38,14
c1637,20,6,9,7,9,11
c1638,7,4,17,17,17,10
c1639,24,7,28,23,28,21
c1640,29,12,25,25,25,14
c1641,58,20,54,43,54,38
c1642,43,6,45,47,45,22
c1643,89,23,59,60,60,38
c1644,31,7,36,36,31,13
c1645,18,12,25,17,17,20
c1646,37,4,15,14,15,16
c1647,20,19,17,17,17,14
c1648,12,10,12,10,12,7
c1649,17,2,22,19,22,22
c1650,27,12,29,29,29,20
c1651,32,2,24,24,21,19
c1652,31,22,45,45,42,36
c1653,34,4,38,38,38,23
c1654,39,34,56,50,50,20
c1655,44,3,40,39,40,19
c1656,20,16,26,24,26,4
c1657,51,4,25,25,25,9
c1658,48,34,42,42,41,20
c1659,31,10,22,18,22,18
c1660,29,8,16,13,16,24
c1661,84,5,47,47,38,18
c1662,21,4,24,23,24,7
c1663,25,31,15,13,15,8
c1664,49,10,17,17,17,11
c1665,34,86,67,67,67,6
c1666,29,11,29,29,25,10
c1667,51,6,42,42,42,32
c1668,36,5,10,10,10,19
c1669,36,6,34,34,33,12
c1670,0,24,15,15,14,4
c1671,63,7,31,29,31,11
c1672,23,6,13,13,11,9
c1673,30,7,25,24,25,7
c1674,53,9,23,20,23,32
c1675,35,3,2,2,2,36
c1676,22,3,27,19,27,4
c1677,28,11,29,24,24,17
c1678,66,2,73,62,73,12
c1679,40,7,26,26,24,10
c1680,23,6,10,6,10,10
c1681,11,9,18,18,16,10
c1682,45,0,35,33,35,6
c1683,79,32,70,61,70,44
c1684,40,9,28,22,28,12
c1685,77,2,67,61,67,24
c1686,86,6,66,66,56,31
c1687,33,20,15,15,17,14
c1688,14,18,18,18,17,11
c1689,16,10,12,12,12,11
c1690,73,6,46,46,38,22
c1691,23,10,31,31,31,16
c1692,20,5,25,25,24,13
c1693,14,15,15,15,13,7
c1694,38,16,22,15,22,20
c1695,32,7,23,23,20,9
c1696,19,8,14,14,14,12
c1697,37,12,33,33,30,39
c1698,19,2,26,26,24,8
c1699,33,52,34,28,34,24
c1700,34,21,27,27,23,6
c1701,64,21,47,47,49,32
c1702,32,5,42,42,37,17
c1703,26,14,21,21,19,11
c1704,43,23,51,51,51,22
c1705,30,4,23,23,19,15
c1706,13,22,12,11,12,11
c1707,18,2,7,7,7,15
c1708,27,4,31,31,30,11
c1709,16,15,17,17,17,9
c1710,62,19,39,36,39,49
c1711,28,10,16,13,16,10
c1712,46,0,16,16,16,29
c1713,50,2,11,11,11,32
c1714,93,3,59,53,59,22
c1715,25,2,14,14,13,4
c1716,40,2,15,12,15,26
c1717,36,35,50,50,47,17
c1718,8,18,6,6,6,8
c1719,91,35,91,81,81,49
c1720,45,74,59,59,58,38
c1721,47,16,45,41,45,19
c1722,19,7,28,28,28,12
c1723,47,16,36,36,25,51
c1724,28,1,34,30,34,15
c1725,37,12,22,20,22,25
c1726,36,8,21,17,21,13
c1727,62,16,54,41,54,34
c1728,19,3,30,27,30,11
c1729,29,16,41,41,41,29
c1730,15,41,35,25,35,24
c1731,73,11,57,47,47,103
c1732,51,3,34,25,25,16
c1733,26,7,34,27,34,11
c1734,43,9,32,32,25,13
c1735,31,0,33,33,31,20
c1736,25,18,26,26,26,18
c1737,27,11,34,34,30,16
c1738,39,24,39,39,37,50
c1739,38,3,37,36,37,11
c1740,39,69,46,42,46,33
c1741,20,28,35,35,35,13
c1742,35,4,19,14,19,36
c1743,88,26,37,37,37,25
c1744,18,23,17,17,15,9
c1745,65,36,76,69,76,42
c1746,32,6,20,20,17,22
c1747,40,39,42,38,42,27
c1748,66,39,34,31,34,32
c1749,32,32,34,34,34,13
c1750,37,4,22,22,22,35
c1751,30,8,15,15,15,12
c1752,10,19,26,22,26,10
c1753,41,7,30,30,30,19
c1754,19,5,35,35,35,13
c1755,22,7,20,20,16,13
c1756,60,7,21,21,21,14
c1757,45,10,54,54,46,26
c1758,32,3,43,31,43,23
c1759,28,3,20,20,20,17
c1760,31,11,16,16,12,14
c1761,45,16,17,17,17,24
c1762,50,4,37,35,37,38
c1763,27,9,18,16,18,8
c1764,21,18,26,22,26,9
c1765,37,14,30,22,30,17
c1766,24,11,30,30,29,11
c1767,31,8,26,22,26,11
c1768,45,0,38,38,32,10
c1769,43,8,46,46,41,25
c1770,14,14,8,8,8,9
c1771,51,6,31,28,31,36
c1772,27,10,4,4,4,17
c1773,14,0,10,10,9,12
c1774,54,14,13,13,13,10
c1775,20,6,11,11,10,13
c1776,15,13,33,33,32,19
c1777,28,30,21,21,25,26
c1778,29,36,33,33,30,15
c1779,46,14,41,41,39,28
c1780,40,12,30,26,30,29
c1781,36,37,27,27,27,23
c1782,38,3,20,15,20,15
c1783,22,47,31,28,31,12
c1784,26,5,24,24,24,9
c1785,50,18,72,62,72,39
c1786,61,7,68,68,57,37
c1787,23,4,14,14,11,11
c1788,27,3,27,24,27,19
c1789,37,42,41,35,41,28
c1790,18,8,15,15,12,7
c1791,31,17,34,30,34,9
c1792,20,4,17,17,17,1
c1793,18,10,10,10,10,4
c1794,74,11,88,88,78,43
c1795,56,57,46,46,46,28
c1796,0,5,29,26,29,20
c1797,47,7,30,30,30,16
c1798,50,4,27,22,27,13
c1799,26,6,22,20,22,13
c1800,30,23,30,30,30,12
c1801,54,0,33,33,33,13
c1802,26,18,20,19,20,10
c1803,97,6,68,63,68,24
c1804,24,9,40,40,39,20
c1805,29,30,24,23,24,14
c1806,51,58,51,50,51,29
c1807,28,7,18,20,18,13
c1808,31,11,26,26,26,13
c1809,35,6,24,24,24,15
c1810,32,5,37,32,37,12
c1811,37,4,34,28,34,22
c1812,10,24,15,15,15,14
c1813,6,9,22,22,18,5
c1814,45,0,33,33,33,15
c1815,24,10,20,20,16,15
c1816,39,17,17,14,17,11
c1817,23,4,23,22,23,11
c1818,31,20,28,29,29,14
c1819,78,7,45,45,45,23
c1820,23,14,16,16,16,32
c1821,49,17,42,38,38,13
c1822,16,13,9,9,8,11
c1823,63,14,76,67,66,33
c1824,18,0,22,22,15,12
c1825,29,13,31,21,31,19
c1826,47,3,30,30,29,11
c1827,12,17,22,22,22,11
c1828,20,13,14,11,14,9
c1829,18,23,24,22,24,14
c1830,22,9,44,33,44,25
c1831,31,16,40,33,40,12
c1832,25,28,19,19,19,7
c1833,16,12,13,13,12,5
c1834,27,5,16,16,16,17
c1835,31,5,25,25,22,14
c1836,31,0,17,17,17,9
c1837,31,7,22,18,22,7
c1838,27,25,30,30,28,19
c1839,49,20,40,40,40,32
c1840,27,5,21,16,21,9
c1841,14,27,30,28,30,8
c1842,8,5,16,16,14,8
c1843,33,10,18,18,18,9
c1844,13,27,14,14,14,11
c1845,111,58,110,104,104,72
c1846,21,9,7,7,7,9
c1847,59,7,66,65,66,49
c1848,36,18,25,23,25,29
c1849,35,18,25,25,25,27
c1850,20,0,13,8,13,5
c1851,23,18,12,11,12,10
c1852,40,8,41,38,41,20
c1853,29,33,18,18,16,6
c1854,28,22,31,31,25,23
c1855,62,10,43,41,43,14
c1856,20,29,32,32,29,20
c1857,17,23,21,21,15,6
c1858,32,9,35,35,35,8
c1859,24,5,24,19,24,21
c1860,32,41,47,47,42,20
c1861,27,17,36,28,36,22
c1862,38,9,20,20,16,30
c1863,41,2,20,20,20,9
c1864,18,25,15,15,15,11
c1865,15,9,20,20,20,21
c1866,42,33,32,30,32,26
c1867,25,8,40,40,40,14
c1868,75,25,72,61,72,39
c1869,18,11,23,23,21,13
c1870,24,3,19,19,18,9
c1871,25,45,33,32,33,20
c1872,41,15,32,27,32,27
c1873,28,4,41,41,37,20
c1874,31,14,22,16,22,11
c1875,24,11,26,23,26,21
c1876,35,7,21,21,16,13
c1877,32,13,22,22,22,27
c1878,37,3,29,29,27,21
c1879,15,3,15,15,11,5
c1880,40,5,40,40,36,17
c1881,21,4,21,13,21,8
c1882,30,10,33,33,33,12
c1883,60,18,51,50,51,35
c1884,23,28,32,32,32,22
c1885,28,4,29,23,29,11
c1886,24,5,24,20,24,22
c1887,25,11,27,19,19,24
c1888,42,22,49,44,49,24
c1889,21,28,19,17,19,10
c1890,52,7,57,41,57,28
c1891,41,11,31,31,31,13
c1892,74,7,32,32,25,32
c1893,22,12,14,14,9,13
c1894,12,16,14,14,13,8
c1895,18,6,27,25,27,8
c1896,19,36,28,28,28,32
c1897,32,41,16,16,12,16
c1898,33,45,38,34,38,16
c1899,16,29,20,18,20,9
c1900,21,3,16,16,15,22
c1901,26,30,30,26,30,16
c1902,61,4,32,28,27,10
c1903,34,17,24,24,24,26
c1904,40,1,36,35,36,8
c1905,34,10,14,14,14,22
c1906,26,21,20,20,20,14
c1907,42,20,31,31,31,20
c1908,59,8,46,46,43,64
c1909,17,9,22,22,22,12
c1910,42,55,42,42,42,31
c1911,38,52,69,67,69,38
c1912,37,10,32,29,29,44
c1913,18,14,12,10,12,26
c1914,36,8,14,14,12,11
c1915,33,12,21,21,20,16
c1916,17,9,15,15,13,12
c1917,34,43,19,18,19,18
c1918,26,11,21,19,19,10
c1919,45,18,50,50,38,22
c1920,42,5,35,35,25,14
c1921,56,36,60,51,60,14
c1922,58,11,24,29,29,19
c1923,24,21,14,11,11,11
c1924,29,23,18,18,18,15
c1925,15,16,15,12,15,10
c1926,43,9,21,18,21,30
c1927,20,8,14,14,14,7
c1928,34,2,20,20,16,30
c1929,33,15,16,16,16,10
c1930,51,0,14,14,12,19
c1931,21,10,25,19,25,3
c1932,33,4,26,26,25,11
c1933,98,11,104,104,93,77
c1934,18,7,14,13,14,11
c1935,18,29,25,25,25,5
c1936,123,16,103,88,103,72
c1937,25,9,10,10,7,6
c1938,19,2,25,24,25,16
c1939,16,22,32,30,32,12
c1940,123,42,77,77,73,44
c1941,12,10,16,16,10,14
c1942,29,36,63,63,56,23
c1943,20,11,23,22,23,4
c1944,11,29,18,18,12,16
c1945,28,6,25,25,21,26
c1946,14,8,17,15,17,12
c1947,38,3,39,38,39,17
c1948,84,34,102,92,102,29
c1949,35,9,43,43,34,33
c1950,9,2,19,19,16,13
c1951,35,3,29,25,29,15
c1952,44,10,40,40,40,40
c1953,30,5,53,53,51,22
c1954,20,28,28,26,28,13
c1955,22,9,28,25,28,3
c1956,25,28,24,24,24,20
c1957,31,5,23,23,18,21
c1958,110,13,123,105,123,59
c1959,23,5,22,22,22,21
c1960,38,2,24,24,24,3
c1961,23,13,15,15,15,7
c1962,18,17,6,5,6,16
c1963,14,26,26,26,26,9
c1964,34,8,61,52,61,18
c1965,41,29,52,51,52,25
c1966,39,2,45,45,39,17
c1967,21,19,28,28,22,15
c1968,20,25,21,19,21,12
c1969,45,5,41,41,32,4
c1970,34,6,24,24,24,13
c1971,29,5,22,20,22,14
c1972,33,14,30,27,30,19
c1973,20,37,27,23,27,16
c1974,43,31,21,21,21,23
c1975,35,5,28,20,28,12
c1976,28,2,24,24,24,14
c1977,43,17,28,21,28,27
c1978,3,13,13,13,13,4
c1979,32,5,5,5,5,11
c1980,29,10,31,26,31,11
c1981,26,4,24,18,24,19
c1982,14,24,19,19,16,13
c1983,50,7,38,33,38,22
c1984,108,0,46,39,46,9
c1985,30,17,43,43,43,22
c1986,29,0,31,28,31,9
c1987,35,3,36,36,30,29
c1988,16,11,21,21,21,13
c1989,29,25,42,42,39,23
c1990,65,44,76,76,71,42
c1991,21,22,16,15,16,10
c1992,55,25,38,37,38,26
c1993,38,16,36,32,36,7
c1994,63,9,68,57,68,25
c1995,20,3,20,17,20,10
c1996,30,18,30,30,24,22
c1997,38,9,22,20,22,16
c1998,19,12,8,6,8,5
c1999,33,4,25,25,25,11
c2000,24,3,17,17,15,12
c2001,29,7,24,24,17,7
c2002,30,11,58,57,58,14
c2003,12,6,14,14,12,15
c2004,10,10,11,11,10,13
c2005,133,22,104,86,104,54
c2006,16,8,19,20,21,6
c2007,27,6,13,10,13,12
c2008,46,11,34,30,34,29
c2009,37,31,27,25,27,14
c2010,45,12,27,27,27,4
c2011,33,11,29,28,29,19
c2012,63,14,72,72,68,30
c2013,21,0,12,12,12,18
c2014,17,41,31,31,31,17
c2015,34,3,24,20,24,13
c2016,32,6,25,25,25,27
c2017,19,12,22,20,22,14
c2018,19,13,25,25,25,20
c2019,53,59,40,40,40,23
c2020,48,7,61,61,61,39
c2021,33,12,27,20,27,14
c2022,29,5,34,34,34,20
c2023,80,21,53,47,53,28
c2024,49,38,82,82,67,31
c2025,28,4,20,16,20,20
c2026,32,4,35,35,33,29
c2027,16,19,21,18,21,14
c2028,19,15,14,16,16,13
c2029,25,8,15,15,13,14
c2030,24,16,17,21,21,4
c2031,32,17,35,33,33,16
c2032,16,11,26,26,26,8
c2033,39,20,27,27,27,17
c2034,20,6,28,25,28,11
c2035,10,22,23,18,18,11
c2036,33,7,22,22,20,12
c2037,35,15,37,37,31,21
c2038,54,9,37,37,37,44
c2039,86,2,53,53,48,53
c2040,64,27,77,68,77,45
c2041,34,4,35,39,39,20
c2042,20,13,33,30,33,10
c2043,32,14,24,24,24,20
c2044,14,32,23,23,21,20
c2045,82,4,40,40,40,8
c2046,54,9,51,51,45,12
c2047,37,15,35,27,35,15
c2048,9,14,20,20,18,7
c2049,40,3,31,31,29,26
c2050,49,12,29,29,29,22
c2051,33,5,45,45,38,19
c2052,37,5,31,31,31,22
c2053,37,11,39,39,39,26
c2054,16,12,19,15,19,14
c2055,31,22,45,43,45,23
c2056,13,17,16,16,13,0
c2057,64,3,22,19,22,26
c2058,17,0,19,19,19,14
c2059,17,18,27,27,27,27
c2060,15,4,23,20,23,16
c2061,17,23,31,31,28,15
c2062,40,22,42,33,34,30
c2063,36,25,33,33,33,21
c2064,22,24,18,18,15,22
c2065,232,7,219,208,208,88
c2066,64,32,80,80,74,51
c2067,30,25,25,25,25,18
c2068,2,9,21,21,21,10
c2069,28,6,40,40,37,12
c2070,34,16,17,16,17,20
c2071,27,1,19,18,19,7
c2072,22,6,21,21,23,15
c2073,20,3,25,21,25,14
c2074,83,18,76,70,76,25
c2075,43,0,4,4,2,26
c2076,14,20,9,9,9,13
c2077,22,8,14,11,14,12
c2078,25,8,32,32,32,13
c2079,29,9,18,18,11,21
c2080,58,31,36,37,36,16
c2081,13,30,15,11,15,5
c2082,22,16,28,20,28,19
c2083,15,4,16,15,16,12
c2084,15,10,12,11,12,7
c2085,37,12,17,17,17,33
c2086,27,2,32,28,32,13
c2087,53,1,22,22,22,12
c2088,41,6,46,37,46,24
c2089,43,4,31,31,29,53
c2090,25,12,27,20,27,33
c2091,34,23,35,35,35,19
c2092,18,25,27,24,27,23
c2093,16,4,22,19,22,12
c2094,33,9,32,32,35,24
c2095,30,6,34,34,34,20
c2096,33,5,20,18,20,9
c2097,22,29,20,20,18,6
c2098,54,46,69,61,61,31
c2099,35,9,25,25,25,20
c2100,21,10,1,1,1,15
c2101,4,5,28,28,28,19
c2102,60,10,38,38,38,38
c2103,82,2,54,54,48,29
c2104,25,4,23,15,23,14
c2105,44,6,60,60,55,10
c2106,31,14,23,24,22,14
c2107,13,0,8,8,6,20
c2108,14,6,14,14,14,19
c2109,30,6,29,29,29,19
c2110,33,5,10,10,10,25
c2111,39,8,51,51,60,41
c2112,32,5,46,40,46,24
c2113,25,31,32,32,30,26
c2114,33,19,32,27,32,24
c2115,36,19,34,34,34,20
c2116,17,22,9,9,7,7
c2117,49,20,45,45,45,20
c2118,28,3,26,26,26,13
c2119,23,32,12,12,12,17
c2120,68,25,18,16,18,29
c2121,16,13,21,21,21,18
c2122,37,15,23,22,23,17
c2123,34,9,21,21,17,11
c2124,20,26,14,14,14,9
c2125,31,0,10,10,10,20
c2126,53,5,50,50,47,64
c2127,19,4,21,21,20,15
c2128,17,20,28,21,21,14
c2129,83,91,56,56,51,38
c2130,54,63,22,22,22,33
c2131,29,12,42,42,35,32
c2132,41,48,41,40,41,27
c2133,20,3,33,33,29,17
c2134,27,6,0,0,0,8
c2135,23,30,20,17,20,13
c2136,14,7,14,14,14,11
c2137,19,15,17,17,17,15
c2138,29,31,31,21,31,21
c2139,18,32,18,18,18,7
c2140,51,23,58,58,58,39
c2141,36,23,34,34,34,14
c2142,17,13,20,20,18,7
c2143,59,5,21,20,21,15
c2144,17,7,11,9,11,9
c2145,41,0,24,17,24,8
c2146,17,15,13,13,11,14
c2147,23,6,13,13,12,10
c2148,36,7,18,15,18,19
c2149,29,67,36,33,36,24
c2150,22,8,25,17,25,10
c2151,21,8,14,14,9,9
c2152,35,16,38,38,29,13
c2153,23,9,30,27,27,23
c2154,57,12,62,58,62,13
c2155,19,41,45,43,45,27
c2156,11,28,17,16,17,9
c2157,24,9,14,14,14,16
c2158,47,9,30,25,30,27
c2159,30,9,18,18,18,11
c2160,61,56,59,59,50,50
c2161,66,29,59,50,59,33
c2162,13,18,18,16,18,7
c2163,27,16,34,28,34,35
c2164,37,33,52,45,52,26
c2165,61,40,42,42,42,24
c2166,27,5,13,12,13,14
c2167,16,22,18,16,18,9
c2168,46,57,49,57,57,32
c2169,21,8,25,25,22,14
c2170,56,17,64,64,64,47
c2171,52,16,38,38,38,19
c2172,54,10,28,27,28,14
c2173,23,8,18,18,18,16
c2174,19,17,19,19,14,12
c2175,29,17,23,23,17,10
c2176,53,18,49,49,45,43
c2177,20,19,22,22,21,18
c2178,35,7,28,28,23,23
c2179,33,38,17,17,14,27
c2180,29,35,29,26,26,20
c2181,36,12,25,20,25,21
c2182,34,6,33,33,33,19
c2183,30,10,16,16,14,8
c2184,30,14,49,48,49,30
c2185,37,19,39,39,39,16
c2186,14,8,19,19,19,6
c2187,30,1,16,16,16,15
c2188,39,0,30,24,30,25
c2189,20,6,13,13,13,6
c2190,74,25,54,54,50,35
c2191,23,15,38,37,38,12
c2192,66,15,72,72,67,38
c2193,22,17,48,48,48,23
c2194,42,17,41,33,41,15
c2195,25,1,14,14,14,13
c2196,16,8,21,21,21,9
c2197,17,13,20,16,20,9
c2198,48,16,39,39,36,42
c2199,63,40,54,49,54,27
c2200,41,29,45,45,43,14
c2201,24,6,30,30,30,14
c2202,95,18,103,93,93,57
c2203,16,3,18,13,18,11
c2204,80,5,117,105,117,53
c2205,29,5,28,23,28,13
c2206,22,19,21,17,21,12
c2207,21,15,8,7,8,9
c2208,35,8,37,32,37,14
c2209,62,13,57,55,57,26
c2210,28,44,21,21,21,19
c2211,25,5,27,22,27,41
c2212,56,48,44,44,44,39
c2213,15,8,21,21,21,9
c2214,34,4,32,27,27,12
c2215,31,25,31,31,31,20
c2216,56,18,29,29,29,18
c2217,81,2,31,31,27,33
c2218,75,5,39,39,39,6
c2219,32,36,24,21,24,20
c2220,28,11,29,29,28,23
c2221,22,4,18,18,18,8
c2222,22,26,33,33,26,13
c2223,30,5,29,28,29,7
c2224,40,8,26,26,26,13
c2225,43,9,28,28,28,30
c2226,60,2,50,47,47,16
c2227,46,6,44,43,44,36
c2228,44,25,37,42,42,25
c2229,74,16,58,58,58,26
c2230,55,5,22,27,27,25
c2231,27,13,34,34,34,29
c2232,23,2,24,23,24,13
c2233,29,40,29,27,29,13
c2234,21,4,34,34,31,8
c2235,19,6,30,26,30,24
c2236,46,21,24,16,24,39
c2237,15,16,15,14,15,8
c2238,25,11,22,20,22,29
c2239,12,10,19,19,14,5
c2240,35,24,48,46,48,19
c2241,12,16,13,7,13,3
c2242,44,32,47,47,41,29
c2243,25,9,26,26,24,9
c2244,41,21,55,55,55,26
c2245,88,25,82,82,72,51
c2246,32,16,37,37,32,16
c2247,50,11,38,37,37,29
c2248,37,20,45,45,34,35
c2249,70,8,62,62,62,17
c2250,50,3,41,41,38,19
c2251,53,7,38,34,38,21
c2252,23,31,31,28,31,20
c2253,26,10,13,11,13,18
c2254,119,15,110,105,110,42
c2255,42,10,37,37,31,21
c2256,29,3,33,33,39,39
c2257,50,1,50,50,50,26
c2258,20,7,14,12,14,16
c2259,44,21,51,51,41,30
c2260,108,8,71,69,69,50
c2261,41,7,39,36,35,11
c2262,41,6,18,18,15,12
c2263,32,7,27,27,27,22
c2264,41,34,29,24,29,23
c2265,31,28,26,25,26,17
c2266,41,6,22,22,16,40
c2267,17,4,18,16,16,5
c2268,12,2,42,42,36,22
c2269,8,2,11,11,11,8
c2270,30,29,58,53,53,19
c2271,34,6,28,23,28,22
c2272,75,3,23,23,23,12
c2273,30,21,30,30,30,18
c2274,45,1,27,27,25,18
c2275,24,6,10,10,10,18
c2276,32,4,31,31,23,28
c2277,32,8,34,28,34,12
c2278,12,3,22,22,22,11
c2279,28,18,34,34,34,19
c2280,41,4,40,40,40,21
c2281,15,5,12,10,12,25
c2282,8,29,22,22,22,12
c2283,37,36,50,46,50,18
c2284,48,25,32,32,28,17
c2285,33,22,23,22,22,8
c2286,9,6,66,65,74,21
c2287,15,12,22,22,18,12
c2288,30,25,29,29,28,16
c2289,20,5,26,20,26,17
c2290,114,61,102,97,96,58
c2291,18,4,15,15,15,26
c2292,24,14,27,27,27,16
c2293,34,6,36,36,36,12
c2294,84,38,65,56,65,36
c2295,21,6,31,31,31,16
c2296,25,29,26,24,26,14
c2297,15,25,25,25,25,17
c2298,50,7,39,49,39,9
c2299,51,19,46,38,46,20
c2300,10,2,14,14,12,6
c2301,77,18,62,62,62,26
c2302,54,9,39,39,39,24
c2303,12,5,14,14,14,21
c2304,24,21,20,20,16,11
c2305,31,8,28,24,28,14
c2306,53,20,36,33,36,22
c2307,30,14,26,26,26,16
c2308,35,5,39,37,39,7
c2309,18,9,32,26,32,1
c2310,15,34,16,16,16,9
c2311,26,28,25,21,25,20
c2312,44,1,37,37,27,14
c2313,22,9,27,27,23,8
c2314,21,33,18,18,18,15
c2315,7,7,34,30,34,13
c2316,87,28,79,79,76,34
c2317,47,2,37,37,31,26
c2318,54,12,33,33,33,18
c2319,36,37,32,30,32,18
c2320,24,12,26,26,25,22
c2321,23,19,25,24,25,11
c2322,40,35,36,35,36,19
c2323,15,21,5,5,5,7
c2324,57,14,49,49,43,14
c2325,85,41,73,73,73,48
c2326,163,8,61,58,61,95
c2327,39,19,33,33,33,31
c2328,20,9,23,23,16,10
c2329,16,25,19,19,18,11
c2330,59,7,37,33,38,18
c2331,33,18,36,36,35,25
c2332,19,22,18,18,18,14
c2333,20,5,21,21,21,11
c2334,56,7,46,44,46,10
c2335,33,7,21,21,16,24
c2336,86,46,70,62,62,39
c2337,41,13,22,22,22,35
c2338,28,49,19,19,19,16
c2339,72,34,52,52,52,47
c2340,52,0,40,31,40,13
c2341,25,8,32,32,26,19
c2342,14,12,20,18,20,10
c2343,63,33,52,52,52,12
c2344,36,2,22,17,22,29
c2345,13,32,30,30,22,15
c2346,51,26,63,63,57,42
c2347,35,55,43,37,43,23
c2348,24,24,28,28,28,12
c2349,23,2,23,21,23,7
c2350,19,22,12,12,12,16
c2351,22,24,22,22,22,10
c2352,49,9,42,35,42,45
c2353,29,24,24,24,24,22
c2354,19,6,23,22,23,8
c2355,20,11,6,4,6,9
c2356,20,5,11,11,11,26
c2357,23,7,31,29,31,15
c2358,32,10,31,31,31,20
c2359,21,6,13,11,13,8
c2360,39,36,42,35,42,15
c2361,23,29,36,30,30,12
c2362,63,26,41,39,41,44
c2363,59,70,55,49,55,38
c2364,53,81,49,46,49,28
c2365,58,9,61,52,61,45
c2366,43,1,34,26,34,42
c2367,15,15,18,15,18,4
c2368,38,25,35,35,28,13
c2369,36,0,37,37,37,23
c2370,42,12,46,42,42,10
c2371,15,10,8,8,8,8
c2372,54,11,62,49,49,23
c2373,40,1,25,25,22,17
c2374,29,18,46,46,40,20
c2375,12,10,26,26,26,8
c2376,34,7,31,30,31,16
c2377,35,14,45,44,49,22
c2378,23,7,13,12,13,26
c2379,45,28,38,38,32,19
c2380,22,1,23,23,23,6
c2381,19,7,28,28,27,7
c2382,38,13,41,32,41,30
c2383,4,15,15,15,14,13
c2384,20,8,28,28,28,11
c2385,25,17,18,18,16,14
c2386,26,10,39,31,39,28
c2387,33,40,39,39,35,16
c2388,41,21,44,42,42,17
c2389,19,28,18,18,16,8
c2390,50,29,33,33,33,39
c2391,63,20,57,57,57,34
c2392,11,4,18,18,13,9
c2393,24,3,8,8,8,19
c2394,52,9,59,59,59,33
c2395,58,12,53,48,53,32
c2396,31,14,23,23,21,26
c2397,22,3,14,11,14,23
c2398,28,9,24,23,24,6
c2399,43,25,31,28,31,28
c2400,24,4,19,17,19,8
c2401,11,16,18,18,16,16
c2402,11,10,29,29,27,1
c2403,8,14,23,23,20,7
c2404,43,3,29,29,29,20
c2405,46,4,14,14,14,18
c2406,11,9,5,5,5,7
c2407,36,16,35,35,33,30
c2408,13,8,22,22,21,10
c2409,15,14,47,47,47,26
c2410,23,5,26,26,26,8
c2411,20,7,25,14,25,35
c2412,27,21,34,33,34,29
c2413,27,19,38,35,35,22
c2414,14,23,26,26,22,15
c2415,20,12,27,27,21,32
c2416,42,0,30,30,29,22
c2417,46,0,8,8,8,27
c2418,32,3,18,18,18,28
c2419,22,15,16,16,10,12
c2420,14,0,23,19,23,10
c2421,36,16,28,23,28,18
c2422,30,16,35,22,35,12
c2423,52,15,38,29,38,34
c2424,41,8,35,27,35,21
c2425,52,19,20,20,17,28
c2426,10,5,19,19,15,6
c2427,43,19,45,45,45,17
c2428,66,0,55,54,55,18
c2429,28,2,23,23,23,14
c2430,17,12,28,28,25,10
c2431,13,11,28,28,28,10
c2432,36,15,32,28,32,10
c2433,37,15,65,51,65,23
c2434,30,0,16,13,16,17
c2435,26,2,9,9,7,13
c2436,96,8,93,84,93,37
c2437,51,24,27,27,23,39
c2438,9,5,13,10,13,6
c2439,24,4,15,15,15,10
c2440,61,9,49,43,43,28
c2441,34,17,18,18,18,13
c2442,24,21,19,16,19,13
c2443,29,3,29,29,25,8
c2444,17,11,15,15,11,18
c2445,13,31,19,18,19,12
c2446,29,29,28,28,23,13
c2447,54,3,20,20,17,18
c2448,28,31,36,36,36,20
c2449,31,32,38,38,38,23
c2450,15,22,16,16,16,7
c2451,15,13,21,17,21,13
c2452,29,14,26,26,24,11
c2453,30,5,16,17,17,38
c2454,45,51,39,33,39,24
c2455,11,18,16,12,16,13
c2456,19,11,20,20,13,8
c2457,63,2,33,33,34,10
c2458,26,11,17,17,17,22
c2459,14,11,16,16,15,9
c2460,26,4,27,23,27,11
c2461,64,6,22,22,19,13
c2462,23,26,25,25,19,13
c2463,20,7,40,35,40,33
c2464,25,0,19,17,19,13
c2465,15,7,23,23,22,32
c2466,24,2,12,18,18,16
c2467,33,37,41,41,41,14
c2468,22,8,34,34,36,15
c2469,16,14,15,11,15,4
c2470,34,17,15,15,15,26
c2471,58,7,40,33,40,16
c2472,19,6,28,22,28,15
c2473,24,31,35,35,35,14
c2474,68,6,53,53,50,16
c2475,22,6,27,22,27,12
c2476,37,5,12,12,12,27
c2477,77,7,50,46,46,47
c2478,22,4,23,23,21,13
c2479,12,25,11,9,9,6
c2480,23,3,20,20,17,15
c2481,46,7,18,18,18,22
c2482,19,4,33,33,33,16
c2483,48,15,47,47,43,20
c2484,45,8,22,22,22,15
c2485,40,9,41,41,37,31
c2486,30,32,11,11,9,15
c2487,43,12,24,24,24,22
c2488,22,17,10,10,9,11
c2489,16,7,26,25,26,16
c2490,20,11,19,19,11,8
c2491,14,25,18,18,16,8
c2492,31,21,43,43,37,41
c2493,24,15,30,30,28,18
c2494,20,3,24,24,21,7
c2495,34,60,27,25,27,15
c2496,54,25,46,46,44,10
c2497,45,15,41,40,41,26
c2498,22,14,28,27,28,14
c2499,27,5,36,29,36,24
c2500,26,5,30,30,27,40
c2501,22,15,31,31,31,13
c2502,24,27,36,30,36,20
c2503,14,3,20,20,20,25
c2504,17,1,28,28,28,30
c2505,10,0,15,12,15,6
c2506,25,6,42,42,41,25
c2507,18,10,13,13,13,8
c2508,20,27,31,29,31,17
c2509,23,35,19,14,19,25
c2510,31,10,43,37,43,46
c2511,18,8,24,20,24,7
c2512,42,3,28,28,28,8
c2513,51,2,61,74,61,69
c2514,21,2,17,17,16,9
c2515,98,16,72,65,72,61
c2516,16,5,24,24,18,7
c2517,40,56,61,58,61,37
c2518,20,7,9,9,9,8
c2519,17,3,16,16,14,9
c2520,22,11,28,28,22,18
c2521,30,11,16,16,10,9
c2522,41,0,28,23,28,29
c2523,25,0,18,18,18,15
c2524,9,7,18,14,18,14
c2525,9,7,16,16,15,12
c2526,16,25,35,35,31,14
c2527,14,9,18,18,18,6
c2528,19,10,8,8,8,12
c2529,19,35,25,25,25,17
c2530,35,10,50,36,50,15
c2531,22,3,6,3,6,11
c2532,15,6,7,7,7,7
c2533,26,12,31,24,31,7
c2534,20,36,19,17,17,10
c2535,18,23,33,33,29,26
c2536,11,0,6,6,6,16
c2537,10,14,23,21,23,7
c2538,18,7,34,34,34,22
c2539,16,19,16,20,20,17
c2540,14,7,26,26,26,10
c2541,6,0,29,29,27,3
c2542,19,6,9,9,7,12
c2543,17,4,21,12,12,21
c2544,13,5,22,18,22,15
c2545,37,9,64,58,64,29
c2546,12,0,28,24,28,23
c2547,15,19,36,36,34,19
c2548,6,17,12,11,12,10
c2549,19,12,17,17,17,11
c2550,13,7,24,16,24,13
c2551,16,4,41,39,41,21
c2552,23,10,9,9,9,22
c2553,22,3,55,55,57,34
c2554,16,3,20,20,20,18
c2555,21,2,31,31,27,38
c2556,16,2,26,19,26,18
c2557,20,0,5,4,5,26
c2558,12,22,20,13,20,11
c2559,12,0,13,10,13,10
c2560,26,14,26,26,26,21
c2561,14,4,28,28,28,10
c2562,7,5,19,19,13,11
c2563,44,5,69,69,64,36
c2564,18,11,78,78,78,25
c2565,23,11,17,14,17,20
c2566,18,12,35,35,27,23
c2567,67,15,53,53,50,33
c2568,37,7,23,21,23,5
c2569,42,0,13,13,13,37
c2570,22,13,15,12,15,6
c2571,34,4,20,19,20,14
c2572,82,13,82,82,80,49
c2573,14,8,18,18,18,7
c2574,12,12,21,21,18,9
c2575,30,2,34,33,34,8
c2576,1,21,23,23,22,18
c2577,25,26,20,20,20,19
c2578,29,16,23,23,20,10
c2579,103,80,124,124,113,79
c2580,22,7,30,30,28,18
c2581,8,2,21,15,21,12
c2582,18,11,11,11,11,8
c2583,34,10,42,37,37,26
c2584,50,4,51,45,45,18
c2585,34,26,30,29,30,4
c2586,31,5,37,37,37,20
c2587,20,2,12,12,11,11
c2588,53,41,45,45,45,28
c2589,39,6,33,33,25,35
c2590,37,16,18,18,18,10
c2591,22,10,16,15,16,11
c2592,20,6,21,20,21,12
c2593,23,3,10,8,10,9
c2594,9,18,12,12,12,9
c2595,18,30,26,26,26,17
c2596,32,8,19,19,19,20
c2597,36,5,22,19,22,11
c2598,34,39,29,29,29,14
c2599,16,18,23,19,23,12
c2600,38,12,38,38,31,22
c2601,7,32,32,32,31,10
c2602,30,20,36,31,36,26
c2603,30,11,28,28,25,19
c2604,18,25,28,23,28,11
c2605,19,6,22,22,20,7
c2606,25,0,14,14,14,12
c2607,37,7,18,13,18,26
c2608,50,10,26,24,24,22
c2609,23,2,21,15,21,19
c2610,26,5,29,22,29,28
c2611,20,8,17,17,17,9
c2612,6,19,22,22,22,15
c2613,43,38,30,30,30,16
c2614,38,5,12,12,12,21
c2615,41,67,56,56,56,33
c2616,18,3,17,17,14,7
c2617,22,10,13,13,13,7
c2618,40,9,31,27,27,16
c2619,32,25,26,26,24,13
c2620,30,10,25,25,21,23
c2621,50,14,40,38,40,43
c2622,28,9,12,12,11,10
c2623,52,1,34,34,34,21
c2624,39,5,14,11,14,31
c2625,23,7,27,21,27,15
c2626,36,14,34,28,34,21
c2627,25,44,23,17,23,10
c2628,23,17,19,19,17,18
c2629,36,15,31,24,31,23
c2630,19,22,21,19,21,21
c2631,19,2,19,16,19,37
c2632,48,10,40,40,37,66
c2633,25,10,40,40,43,20
c2634,12,1,37,28,37,13
c2635,38,9,4,4,4,15
c2636,18,3,19,19,19,12
c2637,39,3,27,27,27,33
c2638,80,48,60,56,60,42
c2639,8,20,15,13,15,12
c2640,89,57,28,28,28,36
c2641,18,9,21,17,21,18
c2642,23,3,21,21,21,9
c2643,49,29,84,84,84,50
c2644,26,30,12,12,12,14
c2645,121,0,46,46,46,16
c2646,26,11,31,31,26,14
c2647,23,34,45,45,43,29
c2648,34,41,48,48,48,16
c2649,35,1,16,13,16,17
c2650,33,18,41,41,41,15
c2651,18,17,15,11,15,5
c2652,47,2,30,30,28,16
c2653,16,28,22,22,21,15
c2654,23,1,0,0,0,14
c2655,16,13,33,29,33,7
c2656,103,7,104,95,104,52
c2657,31,22,35,35,34,8
c2658,56,8,9,9,9,23
c2659,49,3,26,23,26,13
c2660,29,1,4,4,4,13
c2661,49,19,29,29,26,27
c2662,26,5,29,29,23,15
c2663,21,3,13,13,9,8
c2664,64,5,56,50,56,10
c2665,56,9,42,41,42,20
c2666,18,10,15,15,12,11
c2667,57,10,48,47,47,25
c2668,18,21,21,21,21,11
c2669,21,1,24,23,24,11
c2670,67,5,42,41,42,12
c2671,23,11,30,30,30,21
c2672,40,14,49,43,49,19
c2673,25,3,29,29,24,15
c2674,51,31,67,61,67,27
c2675,22,6,23,23,21,22
c2676,13,10,14,14,14,4
c2677,38,5,22,20,22,16
c2678,16,4,10,10,9,8
c2679,33,8,45,35,45,22
c2680,55,30,70,70,65,48
c2681,22,0,24,24,21,16
c2682,48,17,31,28,31,39
c2683,23,2,18,18,18,19
c2684,32,4,25,24,25,23
c2685,43,5,35,35,32,37
c2686,21,14,24,24,19,23
c2687,27,2,18,16,18,2
c2688,15,6,18,18,18,20
c2689,35,4,34,34,34,26
c2690,6,14,22,21,22,18
c2691,14,22,30,30,30,15
c2692,55,25,59,51,59,33
c2693,32,15,20,20,20,18
c2694,27,3,28,28,20,21
c2695,20,0,28,28,28,21
c2696,29,19,8,8,8,10
c2697,24,4,20,20,20,13
c2698,37,18,50,50,50,26
c2699,10,16,22,22,22,12
c2700,88,14,83,78,83,43
c2701,35,5,21,21,21,12
c2702,7,31,13,13,13,13
c2703,129,34,101,85,101,40
c2704,68,12,64,61,64,26
c2705,33,0,20,16,20,29
c2706,34,12,27,27,27,13
c2707,41,3,31,31,30,36
c2708,23,23,33,31,33,36
c2709,14,13,23,23,19,12
c2710,35,7,19,19,19,19
c2711,6,4,6,6,3,10
c2712,19,3,30,28,30,18
c2713,33,22,43,39,43,33
c2714,32,5,24,24,18,31
c2715,22,0,22,22,22,38
c2716,36,27,42,42,40,25
c2717,33,13,46,34,46,16
c2718,48,29,35,35,32,40
c2719,30,23,26,26,26,14
c2720,19,18,19,13,19,5
c2721,9,6,10,10,10,19
c2722,36,19,38,35,38,15
c2723,35,27,40,36,40,19
c2724,26,8,9,9,9,9
c2725,18,17,11,11,11,5
c2726,36,8,31,26,31,28
c2727,50,66,57,57,57,29
c2728,35,15,23,23,23,25
c2729,13,1,15,15,15,5
c2730,28,13,42,42,35,22
c2731,17,11,43,39,43,17
c2732,39,10,27,24,27,21
c2733,28,20,28,28,28,29
c2734,30,2,39,39,35,10
c2735,16,11,21,21,14,6
c2736,13,6,18,16,18,10
c2737,38,1,19,19,18,14
c2738,19,9,16,13,16,7
c2739,49,0,18,18,18,16
c2740,51,2,38,38,38,25
c2741,22,5,28,25,28,14
c2742,73,13,69,70,69,27
c2743,23,7,20,18,20,31
c2744,56,30,74,74,74,64
c2745,19,9,15,10,15,8
c2746,12,9,22,22,18,9
c2747,39,4,10,10,10,22
c2748,27,25,24,24,19,13
c2749,15,8,13,12,13,9
c2750,26,0,49,46,49,15
c2751,12,3,25,25,25,4
c2752,33,15,34,34,34,15
c2753,20,8,26,24,26,11
c2754,119,27,73,73,71,84
c2755,30,3,22,18,22,19
c2756,30,18,29,29,29,15
c2757,41,41,40,40,39,15
c2758,44,28,77,77,77,29
c2759,29,2,31,27,31,18
c2760,43,4,20,25,20,20
c2761,34,16,33,33,29,23
c2762,90,24,73,65,73,60
c2763,17,22,19,16,19,4
c2764,34,19,42,42,42,20
c2765,20,6,34,34,31,9
c2766,113,73,100,100,94,32
c2767,18,1,27,25,27,19
c2768,23,31,31,29,31,21
c2769,27,8,26,26,23,19
c2770,20,3,43,37,43,23
c2771,59,15,45,45,45,11
c2772,73,20,69,59,69,26
c2773,52,22,25,25,25,17
c2774,32,0,28,28,24,22
c2775,35,4,33,33,33,33
c2776,30,3,30,30,27,15
c2777,24,14,19,15,19,22
c2778,106,4,103,86,86,49
c2779,23,8,13,11,13,7
c2780,46,49,30,30,30,15
c2781,27,9,14,14,14,16
c2782,21,12,36,36,36,17
c2783,30,17,23,23,23,16
c2784,19,20,26,26,21,11
c2785,21,29,18,16,18,6
c2786,22,26,28,28,28,11
c2787,30,46,35,35,35,17
c2788,17,6,11,10,11,10
c2789,55,19,42,42,42,49
c2790,35,7,51,51,45,13
c2791,12,10,7,7,6,5
c2792,21,0,20,20,19,24
c2793,34,8,22,21,21,31
c2794,17,8,23,23,23,4
c2795,34,23,20,20,20,16
c2796,33,3,28,28,24,9
c2797,34,4,39,44,44,20
c2798,56,16,38,37,38,25
c2799,28,27,25,23,25,28
c2800,58,29,43,42,43,21
c2801,31,16,19,19,14,19
c2802,24,9,15,15,14,13
c2803,16,12,18,18,13,11
c2804,32,2,20,18,20,14
c2805,31,9,45,45,44,38
c2806,43,3,40,38,40,27
c2807,36,9,27,27,27,21
c2808,21,27,24,24,24,14
c2809,19,15,21,18,21,21
c2810,27,3,27,27,20,10
c2811,28,5,38,38,35,20
c2812,50,3,35,35,35,14
c2813,43,3,41,41,37,32
c2814,61,55,33,33,33,27
c2815,21,2,22,19,22,18
c2816,33,41,29,29,26,20
c2817,21,6,24,24,19,7
c2818,118,7,102,96,96,57
c2819,35,12,35,34,35,16
c2820,26,15,22,22,16,38
c2821,34,8,35,35,35,48
c2822,34,9,36,36,36,36
c2823,75,4,66,66,56,17
c2824,20,6,20,13,20,14
c2825,12,24,22,22,19,3
c2826,84,6,20,18,18,24
c2827,28,2,0,0,0,21
c2828,91,5,17,14,17,47
c2829,31,2,30,30,18,8
c2830,40,19,40,33,40,25
c2831,20,14,18,18,16,15
c2832,21,14,7,5,7,17
c2833,35,14,27,27,27,13
c2834,15,18,32,26,32,15
c2835,47,24,51,51,46,29
c2836,30,15,34,34,32,20
c2837,46,9,25,25,26,27
c2838,27,23,14,11,14,8
c2839,29,7,20,17,20,9
c2840,24,3,7,7,6,8
c2841,33,8,31,29,31,13
c2842,28,16,23,21,23,14
c2843,47,33,45,45,45,23
c2844,24,47,28,28,28,14
c2845,29,14,21,21,19,14
c2846,18,11,16,14,16,2
c2847,16,1,18,14,18,17
c2848,32,6,9,9,9,14
c2849,18,16,20,17,20,14
c2850,17,23,16,14,16,11
c2851,32,11,27,27,21,21
c2852,16,20,35,31,35,20
c2853,30,15,31,31,29,12
c2854,39,32,39,33,39,11
c2855,16,6,7,7,7,16
c2856,38,39,34,31,34,12
c2857,83,8,93,88,93,45
c2858,82,20,51,51,44,32
c2859,48,5,48,48,35,16
c2860,24,6,18,14,18,14
c2861,17,8,34,34,33,22
c2862,16,10,12,12,12,9
c2863,9,13,23,23,22,10
c2864,13,2,21,21,17,13
c2865,24,1,16,14,16,10
c2866,33,9,19,20,19,14
c2867,38,20,43,41,43,31
c2868,54,37,51,51,43,29
c2869,14,21,11,11,10,6
c2870,38,48,34,30,30,19
c2871,30,3,25,25,23,11
c2872,65,68,54,50,54,18
c2873,25,12,19,18,19,12
c2874,27,8,18,18,17,10
c2875,18,17,17,17,17,10
c2876,63,14,42,40,40,39
c2877,48,6,33,33,31,22
c2878,63,30,68,60,68,34
c2879,33,0,25,25,22,12
c2880,23,8,24,24,17,11
c2881,31,3,29,21,29,12
c2882,57,8,39,34,39,38
c2883,38,29,20,14,20,21
c2884,25,4,12,9,12,10
c2885,23,1,34,25,34,24
c2886,22,4,23,21,23,13
c2887,42,0,35,35,35,20
c2888,26,4,21,18,21,23
c2889,55,4,22,22,22,12
c2890,34,8,40,29,40,0
c2891,28,5,18,18,18,13
c2892,118,13,110,110,90,55
c2893,51,14,63,63,58,29
c2894,52,7,38,38,38,21
c2895,17,15,22,22,19,16
c2896,13,12,14,14,12,9
c2897,19,13,34,34,34,24
c2898,49,13,51,43,43,36
c2899,28,5,38,37,38,23
c2900,20,26,15,15,14,12
c2901,16,20,12,11,12,6
c2902,24,9,26,26,23,11
c2903,13,15,10,10,10,11
c2904,19,0,24,19,24,6
c2905,17,10,19,19,19,10
c2906,17,18,14,11,14,2
c2907,76,31,69,69,57,42
c2908,14,17,18,16,18,20
c2909,39,9,39,39,39,19
c2910,18,19,17,17,16,9
c2911,38,25,34,31,34,7
c2912,89,12,82,82,82,66
c2913,20,8,23,22,23,24
c2914,44,44,38,38,36,21
c2915,28,20,34,34,28,9
c2916,54,0,33,31,33,48
c2917,20,19,12,12,12,16
c2918,35,24,19,19,19,22
c2919,37,1,16,15,16,50
c2920,0,30,54,49,54,12
c2921,13,4,15,15,15,10
c2922,40,6,24,24,24,12
c2923,48,5,10,10,10,28
c2924,87,6,42,41,41,34
c2925,46,16,22,21,22,28
c2926,30,26,45,45,45,33
c2927,22,0,33,30,33,4
c2928,40,5,33,33,42,41
c2929,16,13,16,16,16,7
c2930,17,16,12,12,12,7
c2931,27,22,17,16,17,11
c2932,20,10,36,28,36,45
c2933,13,3,35,33,35,16
c2934,23,44,31,31,33,19
c2935,45,7,29,23,29,22
c2936,20,5,22,22,20,10
c2937,22,7,20,20,16,9
c2938,21,10,22,22,20,11
c2939,25,8,13,13,11,11
c2940,39,3,28,27,28,11
c2941,19,4,23,17,23,13
c2942,24,4,17,17,17,21
c2943,30,7,46,46,38,22
c2944,21,13,27,23,27,11
c2945,33,4,26,26,26,23
c2946,39,3,33,33,26,12
c2947,62,1,49,46,45,29
c2948,34,7,36,36,36,38
c2949,24,7,23,22,23,20
c2950,33,10,39,35,39,18
c2951,35,23,42,42,42,14
c2952,47,66,45,38,45,31
c2953,129,27,120,105,120,41
c2954,18,5,40,40,31,19
c2955,15,12,11,11,11,14
c2956,26,3,25,25,14,14
c2957,23,19,25,21,25,14
c2958,19,19,22,22,22,11
c2959,21,9,15,14,14,12
c2960,52,2,42,42,35,24
c2961,72,11,37,33,37,38
c2962,21,0,17,17,15,11
c2963,54,4,26,26,20,26
c2964,48,27,48,36,48,36
c2965,16,7,18,18,18,25
c2966,36,18,34,34,23,18
c2967,30,6,16,16,16,12
c2968,14,13,17,12,17,10
c2969,27,10,33,33,27,14
c2970,48,10,67,68,67,22
c2971,45,5,52,49,52,40
c2972,16,22,13,13,13,6
c2973,43,12,40,35,35,13
c2974,31,3,21,21,21,14
c2975,27,9,25,18,25,11
c2976,33,3,17,14,17,11
c2977,25,5,17,17,16,5
c2978,26,11,16,16,16,12
c2979,20,25,27,23,27,3
c2980,29,2,13,13,10,25
c2981,24,5,12,12,12,14
c2982,44,20,38,33,38,9
c2983,7,9,21,21,21,13
c2984,7,0,22,22,19,7
c2985,24,3,27,20,27,8
c2986,33,6,49,48,49,13
c2987,67,72,79,74,79,28
c2988,39,3,26,26,26,21
c2989,12,11,15,15,15,6
c2990,18,2,22,21,21,7
c2991,16,11,22,19,22,14
c2992,41,8,22,22,22,23
c2993,30,0,24,24,21,11
c2994,18,11,27,27,27,18
c2995,15,11,7,7,5,6
c2996,40,14,57,54,57,20
c2997,25,3,16,16,13,8
c2998,15,15,12,12,7,18
c2999,29,2,9,6,9,15
c3000,17,2,0,0,0,10
c3001,47,36,46,47,46,27
c3002,19,5,31,23,31,32
c3003,28,4,26,24,26,9
c3004,31,3,28,25,28,16
c3005,21,19,15,15,15,7
c3006,18,4,18,17,18,18
c3007,25,5,35,35,33,10
c3008,31,20,25,22,25,25
c3009,55,10,30,30,22,33
c3010,24,19,17,12,17,12
c3011,47,7,22,18,22,16
c3012,25,2,37,33,37,8
c3013,68,0,33,33,35,17
c3014,37,4,14,13,14,31
c3015,33,6,25,25,24,19
c3016,27,8,17,17,13,14
c3017,34,2,28,28,22,8
c3018,24,5,7,7,7,17
c3019,61,6,67,54,55,12
c3020,36,7,25,25,25,15
c3021,22,12,29,29,29,9
c3022,41,7,42,35,42,32
c3023,48,12,27,27,27,20
c3024,46,21,62,59,62,24
c3025,50,22,56,50,56,26
c3026,22,21,17,14,17,14
c3027,17,27,18,18,18,18
c3028,39,18,33,32,33,11
c3029,94,2,58,54,58,10
c3030,16,26,24,21,24,8
c3031,45,39,49,49,44,61
c3032,28,8,22,16,22,9
c3033,45,21,42,40,42,12
c3034,39,13,42,42,37,13
c3035,8,40,71,67,67,45
c3036,36,2,11,10,11,15
c3037,37,14,61,56,61,45
c3038,14,16,16,16,19,19
c3039,31,7,39,39,38,5
c3040,15,16,16,16,16,7
c3041,85,4,46,46,41,11
c3042,14,9,17,17,11,2
c3043,85,3,48,45,48,31
c3044,23,9,24,24,24,12
c3045,48,8,82,75,82,28
c3046,56,0,43,43,42,35
c3047,20,18,16,16,16,16
c3048,55,0,48,43,43,19
c3049,20,14,11,11,11,12
c3050,55,29,49,44,49,28
c3051,13,7,17,15,17,9
c3052,8,11,21,24,21,9
c3053,12,9,35,35,25,45
c3054,32,12,24,24,20,10
c3055,46,38,43,43,41,19
c3056,15,20,12,11,12,8
c3057,19,16,14,13,14,4
c3058,39,25,92,92,82,42
c3059,24,20,15,15,15,15
c3060,22,11,26,25,26,15
c3061,27,11,6,6,6,16
c3062,36,11,37,37,32,18
c3063,37,12,22,22,18,25
c3064,20,11,16,15,16,12
c3065,36,4,71,63,71,33
c3066,16,14,19,18,19,33
c3067,12,7,25,20,21,17
c3068,7,1,25,29,29,14
c3069,51,1,46,44,46,15
c3070,6,11,13,13,12,10
c3071,8,6,25,25,18,15
c3072,10,5,21,21,21,26
c3073,54,9,52,44,52,31
c3074,27,7,15,14,15,14
c3075,19,11,35,27,35,45
c3076,29,22,35,35,35,18
c3077,27,6,33,29,33,21
c3078,19,19,37,37,37,21
c3079,16,9,9,9,7,12
c3080,8,2,23,22,23,19
c3081,23,6,27,23,27,11
c3082,11,4,17,17,14,7
c3083,26,12,17,17,17,17
c3084,12,0,24,24,21,19
c3085,10,8,29,29,29,31
c3086,20,21,14,12,14,10
c3087,13,16,11,11,9,11
c3088,43,6,21,21,21,1
c3089,51,0,5,5,5,47
c3090,4,16,19,19,18,10
c3091,15,5,23,23,23,33
c3092,10,2,20,20,15,17
c3093,26,7,20,20,20,10
c3094,14,9,22,22,20,11
c3095,43,6,99,99,95,58
c3096,18,5,24,23,24,23
c3097,48,3,38,36,38,28
c3098,36,12,29,28,29,15
c3099,9,12,11,11,15,5
c3100,33,17,21,17,21,20
c3101,18,13,17,17,13,13
c3102,17,10,33,33,30,18
c3103,42,10,40,40,38,17
c3104,15,4,12,12,12,7
c3105,35,15,47,36,47,35
c3106,19,11,13,13,13,12
c3107,13,24,23,21,23,11
c3108,16,5,30,26,30,14
c3109,20,4,30,30,22,6
c3110,6,28,12,10,12,9
c3111,41,3,22,21,22,18
c3112,29,3,26,21,26,29
c3113,29,7,35,35,35,19
c3114,51,19,72,64,72,32
c3115,42,8,42,42,35,46
c3116,20,28,30,29,30,32
c3117,36,8,20,20,19,30
c3118,25,24,25,19,25,10
c3119,22,7,35,35,29,19
c3120,31,0,21,21,21,16
c3121,44,21,21,21,21,12
c3122,29,8,48,42,48,24
c3123,34,30,40,40,39,22
c3124,72,30,46,46,42,43
c3125,25,26,18,18,18,11
c3126,52,17,54,54,52,41
c3127,54,11,43,43,36,31
c3128,98,10,72,73,73,27
c3129,11,8,17,17,17,9
c3130,59,2,47,47,46,17
c3131,44,0,20,20,20,25
c3132,41,26,53,53,53,50
c3133,44,4,19,19,19,8
c3134,33,5,42,42,42,26
c3135,26,3,16,16,16,10
c3136,38,29,38,38,38,29
c3137,47,4,36,36,31,16
c3138,17,12,31,23,31,10
c3139,51,3,63,55,55,35
c3140,61,9,23,23,22,52
c3141,15,19,10,10,6,8
c3142,35,18,35,33,35,14
c3143,21,11,26,22,26,19
c3144,23,4,20,20,20,9
c3145,29,45,35,33,35,21
c3146,20,12,20,16,20,22
c3147,68,34,67,59,59,39
c3148,36,2,41,34,41,26
c3149,16,6,9,8,9,16
c3150,32,21,46,46,33,28
c3151,37,4,11,11,10,22
c3152,38,7,25,21,25,29
c3153,30,14,28,28,28,13
c3154,10,12,17,14,17,5
c3155,65,4,46,46,36,27
c3156,38,8,31,31,24,40
c3157,16,8,29,29,27,3
c3158,84,55,63,63,63,29
c3159,55,3,35,34,35,18
c3160,34,1,23,23,23,15
c3161,20,17,23,17,17,10
c3162,16,20,18,18,17,7
c3163,14,12,20,20,18,10
c3164,34,22,37,35,37,32
c3165,36,8,37,33,37,5
c3166,23,30,23,23,23,23
c3167,37,7,18,18,15,17
c3168,57,10,52,47,52,9
c3169,24,25,28,28,28,25
c3170,23,17,20,20,20,13
c3171,21,31,36,29,36,12
c3172,42,18,33,30,33,32
c3173,17,31,22,22,22,16
c3174,111,22,78,78,67,62
c3175,17,9,28,28,26,20
c3176,21,11,26,26,21,11
c3177,24,0,17,17,13,16
c3178,39,13,22,22,22,10
c3179,62,22,62,62,53,46
c3180,70,4,52,43,52,14
c3181,36,23,49,44,49,35
c3182,23,2,21,21,19,8
c3183,22,26,31,31,25,15
c3184,9,28,10,10,10,9
c3185,19,23,21,21,21,6
c3186,21,10,29,26,29,27
c3187,14,5,18,18,16,14
c3188,14,22,11,11,11,12
c3189,32,4,25,25,25,41
c3190,32,16,26,33,33,9
c3191,10,18,10,10,9,10
c3192,70,16,67,57,58,47
c3193,84,6,52,52,52,20
c3194,34,18,47,47,47,35
c3195,9,8,20,15,15,8
c3196,23,2,24,23,24,18
c3197,61,1,26,26,26,18
c3198,52,14,36,36,36,17
c3199,31,31,31,31,31,24
c3200,31,7,44,38,44,8
c3201,53,2,10,10,10,15
c3202,43,51,40,50,39,38
c3203,7,8,2,2,2,2
c3204,22,25,20,20,17,10
c3205,57,13,80,73,73,32
c3206,27,6,23,23,18,11
c3207,159,46,173,152,152,77
c3208,42,3,13,13,12,21
c3209,27,20,33,30,33,14
c3210,27,19,20,19,20,20
c3211,12,13,28,27,28,8
c3212,23,9,28,25,28,10
c3213,24,28,30,30,32,23
c3214,17,15,21,17,21,7
c3215,23,7,27,27,20,13
c3216,26,2,36,32,36,15
c3217,67,7,57,57,57,26
c3218,81,21,73,73,73,48
c3219,19,23,14,14,11,12
c3220,44,15,32,32,32,23
c3221,15,3,22,14,14,12
c3222,47,14,24,19,24,18
c3223,19,10,44,41,44,16
c3224,30,7,30,25,30,26
c3225,39,58,21,21,21,25
c3226,13,16,11,8,11,12
c3227,58,2,57,57,51,25
c3228,61,2,45,45,52,34
c3229,46,13,31,28,31,21
c3230,30,2,16,16,14,11
c3231,23,4,20,20,15,5
c3232,25,8,28,28,22,23
c3233,24,2,6,6,5,18
c3234,18,3,27,27,27,11
c3235,32,20,23,20,23,21
c3236,93,13,91,80,91,29
c3237,28,5,22,22,19,14
c3238,39,6,51,41,41,19
c3239,18,13,8,8,8,12
c3240,32,2,41,34,41,42
c3241,30,10,26,26,25,14
c3242,44,15,28,24,28,10
c3243,40,12,14,11,14,14
c3244,15,3,17,15,17,8
c3245,45,9,50,50,50,53
c3246,25,3,23,23,20,17
c3247,25,9,36,36,35,24
c3248,44,5,38,32,38,9
c3249,88,22,86,75,86,41
c3250,25,6,14,14,11,20
c3251,22,8,22,18,22,12
c3252,18,14,23,23,22,11
c3253,40,0,24,24,24,19
c3254,71,13,69,60,69,25
c3255,23,21,12,12,12,10
c3256,89,10,91,63,91,33
c3257,22,6,17,11,11,14
c3258,52,8,40,31,40,14
c3259,47,27,61,61,54,18
c3260,14,20,13,13,13,13
c3261,32,24,17,17,17,22
c3262,85,7,50,50,50,57
c3263,67,57,57,57,57,24
c3264,42,15,24,22,24,11
c3265,42,47,49,49,49,20
c3266,36,9,26,26,21,16
c3267,31,32,34,25,34,35
c3268,23,6,37,36,37,16
c3269,30,43,20,20,20,16
c3270,66,42,45,45,45,25
c3271,53,3,43,43,39,22
c3272,17,19,9,9,9,9
c3273,28,17,6,6,6,17
c3274,48,1,39,39,37,20
c3275,43,26,27,29,29,21
c3276,66,82,75,64,75,61
c3277,36,8,38,38,38,30
c3278,21,0,19,16,19,13
c3279,16,12,19,12,12,15
c3280,51,15,46,41,46,21
c3281,52,4,18,18,17,19
c3282,34,3,15,15,12,19
c3283,43,1,19,19,19,8
c3284,22,22,29,28,29,13
c3285,17,0,21,21,18,15
c3286,12,29,27,27,27,9
c3287,36,4,41,29,41,10
c3288,32,24,17,17,17,24
c3289,27,6,36,33,36,13
c3290,31,15,30,30,29,21
c3291,73,2,35,29,35,56
c3292,42,43,68,62,68,43
c3293,24,0,23,23,23,26
c3294,16,7,18,18,18,7
c3295,38,8,32,32,31,15
c3296,14,23,26,24,26,8
c3297,38,38,49,49,49,59
c3298,33,20,29,29,29,22
c3299,26,13,32,29,29,25
c3300,15,16,26,26,21,13
c3301,25,12,24,24,20,25
c3302,38,2,26,26,24,4
c3303,32,9,32,32,32,12
c3304,23,16,20,20,20,12
c3305,50,3,30,30,30,20
c3306,24,1,21,21,21,15
c3307,34,14,21,19,21,15
c3308,98,9,50,50,50,40
c3309,12,14,6,5,6,10
c3310,17,7,26,26,26,18
c3311,31,20,35,35,31,20
c3312,25,35,37,35,37,20
c3313,71,7,40,40,40,37
c3314,19,0,18,18,12,17
c3315,89,8,40,36,40,28
c3316,19,7,19,15,19,5
c3317,20,17,26,26,25,13
c3318,14,15,20,19,20,7
c3319,25,8,26,26,25,6
c3320,32,15,13,9,13,18
c3321,27,30,22,22,20,11
c3322,41,4,61,54,61,15
c3323,14,19,30,30,30,9
c3324,74,16,87,87,80,47
c3325,11,13,12,12,10,7
c3326,24,25,27,27,19,14
c3327,8,15,20,20,18,6
c3328,48,15,42,42,40,17
c3329,27,17,29,29,29,24
c3330,19,2,20,17,17,10
c3331,33,5,22,22,22,17
c3332,30,9,27,26,27,16
c3333,21,36,21,18,21,13
c3334,53,12,25,28,28,26
c3335,68,6,47,47,42,27
c3336,40,27,22,22,22,18
c3337,41,0,30,30,30,17
c3338,16,23,32,24,32,11
c3339,31,24,22,13,22,18
c3340,28,9,52,49,52,35
c3341,12,19,14,14,14,10
c3342,30,3,8,6,8,9
c3343,32,3,16,12,16,11
c3344,25,3,18,18,17,11
c3345,54,10,42,42,42,26
c3346,17,12,13,13,9,12
c3347,31,19,41,41,38,23
c3348,20,10,24,22,22,24
c3349,38,2,31,28,28,15
c3350,48,7,34,31,34,20
c3351,30,3,29,29,21,31
c3352,26,46,25,25,21,14
c3353,38,37,35,35,35,22
c3354,18,16,19,19,14,15
c3355,70,42,53,46,53,26
c3356,37,3,17,17,15,19
c3357,42,8,25,25,25,9
c3358,32,23,24,24,24,11
c3359,34,2,22,22,19,25
c3360,11,14,13,13,13,10
c3361,48,11,41,41,41,33
c3362,39,22,33,33,33,15
c3363,52,10,39,36,39,29
c3364,10,13,17,17,17,8
c3365,22,8,23,16,23,10
c3366,35,37,31,31,27,19
c3367,20,20,29,24,29,14
c3368,46,17,18,18,18,9
c3369,115,12,66,66,63,35
c3370,58,20,63,63,47,19
c3371,23,26,13,13,13,8
c3372,40,26,39,39,39,34
c3373,24,19,27,27,26,14
c3374,24,4,22,16,22,17
c3375,16,19,20,18,20,4
c3376,34,13,31,30,31,11
c3377,28,7,20,20,17,14
c3378,32,8,48,34,48,17
c3379,49,3,23,18,23,28
c3380,18,21,16,16,16,11
c3381,46,6,24,24,23,7
c3382,40,0,40,37,40,27
c3383,11,7,16,16,15,11
c3384,16,4,18,18,14,11
c3385,14,4,27,24,24,13
c3386,27,11,12,12,12,9
c3387,37,0,27,32,28,9
c3388,15,31,15,15,15,10
c3389,27,4,55,55,55,32
c3390,20,0,35,35,32,13
c3391,35,9,50,50,47,24
c3392,18,3,15,10,15,9
c3393,10,6,17,19,19,6
c3394,46,4,32,32,32,18
c3395,144,9,130,117,130,46
c3396,52,21,42,44,42,28
c3397,65,0,29,29,29,26
c3398,105,15,99,87,99,35
c3399,21,18,30,25,30,18
c3400,34,10,39,31,39,8
c3401,25,2,12,11,12,10
c3402,20,21,44,40,44,18
c3403,24,8,26,20,26,18
c3404,43,25,33,28,33,26
c3405,29,4,21,18,21,7
c3406,97,6,73,73,82,58
c3407,76,5,44,44,38,11
c3408,53,61,68,73,68,13
c3409,50,0,22,22,22,26
c3410,8,4,19,16,19,21
c3411,48,8,66,66,62,46
c3412,77,6,49,46,46,18
c3413,33,14,18,16,18,10
c3414,24,16,53,53,40,34
c3415,39,22,18,18,18,26
c3416,24,4,32,32,31,15
c3417,33,6,28,22,28,13
c3418,20,20,18,18,17,11
c3419,27,5,23,16,23,19
c3420,35,7,42,42,37,32
c3421,51,14,40,40,33,21
c3422,91,1,66,66,60,34
c3423,50,33,46,40,46,23
c3424,41,21,39,39,51,41
c3425,42,14,17,17,17,14
c3426,47,6,20,26,26,11
c3427,18,9,9,6,9,11
c3428,16,30,17,13,17,7
c3429,17,19,19,19,19,18
c3430,16,0,18,16,18,6
c3431,16,14,27,27,27,31
c3432,53,36,43,42,43,29
c3433,16,13,7,7,7,4
c3434,27,0,32,32,28,30
c3435,17,13,21,21,19,9
c3436,35,3,22,17,22,9
c3437,24,6,15,14,15,12
c3438,48,36,60,60,60,38
c3439,28,2,14,14,14,34
c3440,25,7,28,21,28,20
c3441,0,13,27,27,24,29
c3442,23,0,0,0,0,28
c3443,38,0,26,25,25,29
c3444,9,29,29,27,29,12
c3445,43,32,43,43,41,10
c3446,58,46,48,48,44,15
c3447,44,16,34,34,34,9
c3448,2,3,35,30,35,11
c3449,28,10,25,20,25,15
c3450,31,0,34,34,30,13
c3451,23,5,19,16,19,7
c3452,27,1,20,20,17,72
c3453,19,8,63,56,63,28
c3454,36,47,44,44,43,20
c3455,22,23,21,21,21,20
c3456,28,2,18,15,18,16
c3457,37,4,31,31,24,27
c3458,23,1,22,22,20,9
c3459,40,29,32,28,32,14
c3460,64,31,33,33,33,28
c3461,12,15,23,20,23,5
c3462,16,3,12,12,12,10
c3463,27,0,20,20,18,23
c3464,41,13,40,38,40,16
c3465,40,1,28,24,28,7
c3466,62,8,65,55,55,19
c3467,28,20,43,43,43,16
c3468,30,11,26,26,19,25
c3469,13,7,9,9,8,20
c3470,29,1,6,6,6,11
c3471,26,27,34,34,34,10
c3472,46,34,40,45,41,28
c3473,34,9,47,44,47,32
c3474,44,65,25,25,25,41
c3475,82,0,25,21,25,14
c3476,24,0,27,27,25,25
c3477,24,24,33,27,33,18
c3478,70,64,39,39,39,29
c3479,13,15,19,19,19,16
c3480,17,16,19,19,16,4
c3481,31,10,26,25,26,15
c3482,35,4,38,38,35,15
c3483,60,55,57,57,55,40
c3484,31,2,26,18,26,14
c3485,12,23,28,22,28,12
c3486,27,4,18,18,15,3
c3487,26,10,18,18,15,4
c3488,29,19,52,48,52,10
c3489,52,2,32,32,27,16
c3490,27,1,16,16,16,18
c3491,31,9,21,21,21,11
c3492,11,11,16,16,14,10
c3493,17,8,24,17,24,8
c3494,27,7,16,12,16,19
c3495,76,0,42,46,42,19
c3496,50,14,22,22,22,11
c3497,10,17,17,17,14,9
c3498,49,14,40,40,49,46
c3499,38,7,32,32,28,19
c3500,55,5,40,40,39,20
c3501,19,5,23,21,23,17
c3502,37,32,49,47,49,26
c3503,21,16,13,15,13,5
c3504,61,15,47,47,43,35
c3505,39,5,17,17,14,26
c3506,115,4,90,90,90,71
c3507,32,41,25,23,25,20
c3508,23,6,18,18,18,11
c3509,31,2,25,20,25,21
c3510,20,8,46,46,34,33
c3511,26,4,37,37,39,8
c3512,80,15,92,92,78,56
c3513,49,23,37,37,34,18
c3514,25,6,28,24,28,22
c3515,41,11,29,29,28,22
c3516,18,14,26,25,26,12
c3517,19,20,15,13,15,12
c3518,64,3,62,58,62,29
c3519,90,10,96,86,84,28
c3520,33,0,40,33,33,11
c3521,26,18,21,17,21,13
c3522,24,3,33,28,33,14
c3523,38,9,41,36,41,12
c3524,44,20,42,35,42,12
c3525,22,13,27,23,27,14
c3526,27,15,47,47,43,22
c3527,27,8,51,51,51,16
c3528,24,9,13,13,9,17
c3529,86,10,69,69,66,30
c3530,16,11,17,16,17,6
c3531,44,19,65,65,63,23
c3532,35,7,21,18,18,13
c3533,53,20,35,35,35,35
c3534,30,18,25,22,25,24
c3535,31,2,26,25,26,5
c3536,39,3,41,41,37,32
c3537,50,26,56,56,49,25
c3538,82,5,27,27,24,23
c3539,23,22,16,13,16,15
c3540,75,32,122,108,122,32
c3541,15,10,42,32,42,18
c3542,44,62,49,49,49,20
c3543,43,50,86,86,76,35
c3544,25,25,42,40,42,12
c3545,10,18,20,19,20,16
c3546,44,21,31,31,24,17
c3547,16,1,8,8,8,13
c3548,37,20,36,33,36,28
c3549,43,6,51,51,51,41
c3550,33,8,17,17,17,11
c3551,23,1,26,26,26,15
c3552,14,4,22,18,22,7
c3553,27,13,21,21,21,13
c3554,22,5,23,23,23,11
c3555,64,30,85,77,85,80
c3556,52,16,39,39,39,11
c3557,34,10,19,14,19,6
c3558,25,23,30,29,30,9
c3559,22,1,31,31,28,20
c3560,26,49,33,32,33,18
c3561,27,3,18,17,18,12
c3562,17,12,20,17,20,13
c3563,14,0,27,27,25,6
c3564,43,8,17,17,17,10
c3565,38,0,37,33,37,12
c3566,8,30,17,17,17,20
c3567,31,5,23,17,23,19
c3568,26,22,29,25,29,24
c3569,19,3,16,16,16,10
c3570,38,10,31,23,31,15
c3571,35,19,40,40,40,11
c3572,51,12,61,49,49,37
c3573,24,15,27,23,27,6
c3574,27,7,29,29,29,11
c3575,36,2,51,44,51,28
c3576,15,14,17,17,13,10
c3577,87,4,55,46,46,24
c3578,22,12,21,21,21,6
c3579,49,5,27,24,27,30
c3580,20,12,24,24,22,12
c3581,39,44,23,23,21,22
c3582,19,19,12,10,12,20
c3583,33,26,20,20,15,5
c3584,13,5,22,22,22,21
c3585,30,3,22,22,21,6
c3586,12,4,11,11,9,12
c3587,55,48,45,48,46,39
c3588,57,20,43,43,39,47
c3589,70,3,103,96,96,25
c3590,89,4,116,104,116,73
c3591,23,3,36,32,36,11
c3592,17,18,13,13,8,11
c3593,32,2,19,18,19,16
c3594,40,42,28,28,31,16
c3595,36,8,26,19,26,21
c3596,23,22,25,25,23,22
c3597,27,16,16,16,16,28
c3598,20,19,12,12,12,7
c3599,24,16,25,22,25,20
c3600,23,17,18,16,16,24
c3601,16,4,45,45,34,14
c3602,11,13,18,18,18,12
c3603,28,13,44,44,41,19
c3604,21,6,22,18,22,8
c3605,53,55,20,20,20,18
c3606,40,13,62,55,62,23
c3607,41,10,13,18,18,26
c3608,31,3,21,20,21,24
c3609,19,2,13,11,13,9
c3610,9,6,18,18,16,9
c3611,52,31,34,34,33,16
c3612,13,22,18,18,16,10
c3613,17,22,26,20,26,12
c3614,59,12,60,60,52,38
c3615,29,0,12,12,11,11
c3616,29,23,48,48,37,28
c3617,39,2,26,26,26,13
c3618,54,5,28,23,28,35
c3619,32,3,20,20,13,20
c3620,27,10,10,10,7,6
c3621,77,5,57,48,57,22
c3622,26,1,27,25,27,20
c3623,74,21,83,83,74,35
c3624,71,17,41,41,41,9
c3625,49,24,76,62,76,40
c3626,28,25,15,14,15,8
c3627,89,7,23,15,23,14
c3628,17,8,16,16,16,8
c3629,20,29,26,26,23,18
c3630,23,7,33,30,33,13
c3631,73,2,54,54,51,19
c3632,26,5,28,24,28,4
c3633,22,2,18,18,15,12
c3634,46,9,29,24,24,6
c3635,31,21,24,23,24,12
c3636,65,3,46,46,46,41
c3637,32,5,14,14,14,12
c3638,104,10,49,41,49,54
c3639,23,13,29,29,26,13
c3640,78,3,22,22,25,11
c3641,37,8,34,34,23,19
c3642,58,6,45,45,42,34
c3643,59,26,57,48,48,26
c3644,41,15,32,28,28,14
c3645,46,20,26,26,26,15
c3646,17,14,12,11,12,8
c3647,32,4,21,21,17,14
c3648,78,22,47,47,38,40
c3649,27,4,21,16,21,16
c3650,39,17,25,25,22,30
c3651,27,5,27,27,22,24
c3652,67,0,27,25,27,57
c3653,15,16,23,23,23,11
c3654,52,60,71,71,59,54
c3655,14,20,19,19,19,8
c3656,15,26,12,12,12,12
c3657,36,6,35,35,32,20
c3658,37,3,25,24,25,16
c3659,17,30,28,28,26,17
c3660,30,33,58,58,52,27
c3661,42,34,39,39,39,27
c3662,62,69,47,47,47,22
c3663,81,11,64,57,64,39
c3664,36,2,41,27,41,7
c3665,37,4,39,34,39,13
c3666,69,20,53,51,53,12
c3667,36,2,22,19,22,10
c3668,29,4,11,11,11,10
c3669,40,11,27,22,27,20
c3670,48,2,23,23,20,15
c3671,39,6,42,39,42,9
c3672,51,36,24,24,21,17
c3673,21,26,22,20,22,11
c3674,36,11,31,23,31,10
c3675,24,0,31,30,31,7
c3676,36,15,21,21,21,11
c3677,40,13,23,23,23,24
c3678,37,6,38,38,34,12
c3679,34,18,53,52,53,16
c3680,86,40,53,53,53,21
c3681,33,15,31,31,27,23
c3682,60,2,21,21,21,32
c3683,21,8,18,17,18,12
c3684,16,18,20,20,20,9
c3685,58,35,42,42,40,11
c3686,35,9,31,31,30,23
c3687,24,6,23,21,23,12
c3688,26,1,30,26,30,13
c3689,30,3,30,27,30,14
c3690,12,6,12,12,12,5
c3691,21,7,17,15,17,10
c3692,22,8,31,29,31,17
c3693,106,5,51,51,51,32
c3694,14,21,16,16,16,6
c3695,33,2,28,27,28,32
c3696,17,15,12,12,10,11
c3697,15,9,21,21,21,7
c3698,27,17,40,39,40,16
c3699,20,8,22,22,22,12
c3700,30,18,31,29,31,17
c3701,28,11,27,22,27,16
c3702,0,1,11,11,10,20
c3703,34,7,49,47,49,9
c3704,20,18,43,35,43,29
c3705,29,8,35,35,35,12
c3706,19,2,15,10,15,7
c3707,29,4,24,22,24,9
c3708,29,12,29,29,31,20
c3709,22,35,24,24,24,13
c3710,27,15,36,30,36,22
c3711,26,8,23,21,23,32
c3712,30,8,22,22,18,23
c3713,14,12,22,22,18,18
c3714,43,43,40,37,37,26
c3715,69,13,26,26,26,36
c3716,32,54,46,46,43,24
c3717,24,11,45,35,45,16
c3718,18,17,18,18,19,5
c3719,36,60,31,31,31,16
c3720,18,22,14,14,11,11
c3721,51,14,50,50,50,24
c3722,19,4,13,13,13,5
c3723,19,3,21,21,20,16
c3724,27,4,24,23,24,7
c3725,16,5,16,16,16,13
c3726,45,6,31,30,31,25
c3727,84,24,59,59,59,71
c3728,25,8,18,18,22,17
c3729,22,16,14,14,14,5
c3730,13,22,11,11,9,9
c3731,35,5,9,6,9,26
c3732,25,19,22,21,22,32
c3733,40,22,23,18,23,24
c3734,18,12,21,21,19,17
c3735,88,11,73,73,70,63
c3736,40,4,15,15,15,14
c3737,46,7,16,16,11,14
c3738,61,5,12,9,12,20
c3739,20,1,8,6,8,14
c3740,37,22,22,22,16,10
c3741,10,11,30,30,28,14
c3742,22,21,32,32,32,17
c3743,22,4,26,19,26,10
c3744,14,14,12,12,11,7
c3745,14,17,20,20,20,27
c3746,23,10,20,18,18,8
c3747,27,3,19,19,19,21
c3748,57,9,29,29,29,19
c3749,19,1,19,19,19,9
c3750,59,46,57,43,43,37
c3751,42,19,45,44,44,29
c3752,36,5,26,26,25,12
c3753,16,17,28,28,26,11
c3754,12,19,12,11,12,24
c3755,34,36,36,36,35,21
c3756,6,16,13,11,13,5
c3757,77,17,72,64,72,60
c3758,52,31,53,43,53,0
c3759,56,14,57,57,53,30
c3760,16,5,25,25,24,4
c3761,22,8,19,16,19,11
c3762,45,6,35,35,33,15
c3763,31,11,23,23,20,12
c3764,46,18,66,66,52,57
c3765,43,21,63,63,63,28
c3766,15,10,12,9,12,8
c3767,66,4,50,55,50,20
c3768,18,27,21,20,21,6
c3769,37,6,28,26,28,24
c3770,22,11,20,20,16,10
c3771,43,7,19,19,19,13
c3772,83,3,45,45,37,18
c3773,46,1,23,23,21,10
c3774,25,23,20,20,16,6
c3775,48,14,25,20,25,24
c3776,47,7,34,31,34,31
c3777,35,30,37,37,34,22
c3778,50,5,33,29,33,27
c3779,54,2,54,54,46,18
c3780,50,12,44,44,43,21
c3781,19,11,12,14,14,8
c3782,77,7,65,61,65,9
c3783,43,11,28,28,20,20
c3784,41,11,34,34,32,15
c3785,26,0,26,24,26,15
c3786,120,9,81,63,81,64
c3787,34,32,88,88,82,26
c3788,26,16,5,5,5,14
c3789,33,6,22,22,17,13
c3790,25,16,30,30,24,12
c3791,100,0,23,21,23,42
c3792,116,37,87,84,87,58
c3793,31,32,21,18,21,11
c3794,51,11,42,42,39,27
c3795,33,5,15,13,15,20
c3796,39,4,51,51,48,17
c3797,71,26,50,50,41,18
c3798,84,31,106,97,96,63
c3799,31,0,29,27,27,19
c3800,18,35,36,36,35,10
c3801,37,11,48,43,48,23
c3802,35,22,10,10,10,3
c3803,23,22,35,33,32,14
c3804,12,19,7,7,7,10
c3805,23,6,38,32,38,19
c3806,49,5,42,40,42,23
c3807,44,12,62,57,62,29
c3808,27,19,31,25,31,20
c3809,22,24,27,27,25,9
c3810,40,9,30,30,30,28
c3811,60,13,37,37,46,41
c3812,25,5,17,12,17,33
c3813,82,46,88,83,88,50
c3814,25,7,20,19,20,10
c3815,34,8,35,32,35,34
c3816,38,1,21,21,18,17
c3817,52,14,39,39,39,14
c3818,44,0,45,45,35,24
c3819,30,13,21,21,18,16
c3820,10,26,22,19,22,15
c3821,22,5,35,35,35,25
c3822,43,21,37,32,32,13
c3823,30,31,29,26,29,13
c3824,41,6,39,39,38,13
c3825,24,0,36,36,36,14
c3826,45,3,33,29,33,23
c3827,19,9,23,22,23,9
c3828,37,15,25,20,25,24
c3829,41,1,23,23,23,23
c3830,60,0,18,18,18,26
c3831,18,7,18,18,18,23
c3832,23,5,26,26,26,9
c3833,15,13,26,26,26,5
c3834,14,16,21,21,18,10
c3835,20,22,23,23,21,14
c3836,24,6,25,25,25,17
c3837,13,21,28,28,28,9
c3838,72,16,56,50,56,33
c3839,27,0,39,39,36,7
c3840,23,7,29,27,29,15
c3841,43,35,35,31,35,24
c3842,27,15,10,8,10,9
c3843,41,5,21,21,20,22
c3844,35,9,27,27,27,8
c3845,59,14,49,49,49,34
c3846,21,28,37,37,32,11
c3847,19,3,21,21,18,10
c3848,58,14,49,44,49,39
c3849,16,26,26,26,26,9
c3850,44,1,16,16,16,39
c3851,46,1,42,42,42,37
c3852,20,9,17,17,17,20
c3853,52,4,23,23,23,57
c3854,28,22,23,19,23,18
c3855,35,10,44,44,38,33
c3856,56,2,29,29,19,23
c3857,18,15,23,23,19,12
c3858,19,11,36,36,30,23
c3859,70,12,81,65,81,51
c3860,26,43,25,24,25,18
c3861,27,38,35,35,31,23
c3862,34,3,32,32,32,42
c3863,28,25,22,20,22,27
c3864,21,6,13,10,13,19
c3865,28,3,26,26,21,22
c3866,19,30,22,22,22,17
c3867,40,6,51,51,41,83
c3868,34,0,39,34,39,14
c3869,12,15,13,13,13,8
c3870,16,6,25,25,19,3
c3871,26,17,21,16,21,13
c3872,10,15,14,10,14,20
c3873,30,19,29,29,26,17
c3874,14,19,22,18,22,13
c3875,55,43,37,37,34,35
c3876,53,11,56,63,56,24
c3877,33,1,17,16,17,14
c3878,36,5,23,18,23,15
c3879,27,5,39,28,39,20
c3880,91,63,47,47,44,34
c3881,36,23,16,13,16,31
c3882,44,9,30,30,30,18
c3883,13,31,15,15,16,10
c3884,15,10,22,18,22,12
c3885,65,7,70,62,70,25
c3886,43,41,46,37,37,52
c3887,32,62,73,73,73,25
c3888,20,11,24,21,24,6
c3889,46,8,74,74,71,27
c3890,6,19,16,18,16,6
c3891,71,14,52,52,37,25
c3892,17,37,24,24,22,17
c3893,81,4,44,44,43,13
c3894,32,46,66,58,66,26
c3895,69,27,63,80,62,23
c3896,31,10,41,41,38,12
c3897,40,21,29,29,25,17
c3898,29,4,17,14,17,19
c3899,26,3,17,15,17,16
c3900,13,11,22,22,21,23
c3901,26,20,30,21,30,33
c3902,15,5,23,23,20,8
c3903,102,22,82,77,77,32
c3904,25,14,25,25,22,17
c3905,78,10,41,41,41,23
c3906,33,13,31,31,31,22
c3907,22,32,29,27,29,15
c3908,30,15,36,35,36,15
c3909,20,7,26,26,25,24
c3910,10,15,20,20,18,7
c3911,18,20,24,23,24,14
c3912,34,5,27,27,26,21
c3913,47,18,31,31,19,36
c3914,11,6,18,14,18,8
c3915,28,2,18,17,18,8
c3916,27,7,21,17,21,11
c3917,43,2,27,23,27,20
c3918,64,2,29,27,29,17
c3919,75,6,50,50,44,34
c3920,10,3,18,18,18,12
c3921,19,16,13,11,13,10
c3922,71,3,31,31,31,23
c3923,62,28,36,31,36,24
c3924,10,19,14,14,10,14
c3925,28,13,23,15,23,10
c3926,26,4,8,10,10,22
c3927,34,16,17,15,17,33
c3928,29,18,36,35,36,17
c3929,18,16,13,13,11,14
c3930,12,11,26,26,26,17
c3931,70,0,54,54,49,15
c3932,34,42,23,23,22,30
c3933,54,7,31,31,27,26
c3934,28,12,30,25,30,16
c3935,28,11,37,37,28,16
c3936,22,3,22,16,22,12
c3937,34,25,33,29,33,11
c3938,23,8,19,16,19,12
c3939,48,3,35,33,35,20
c3940,36,6,51,49,51,19
c3941,28,1,14,9,14,16
c3942,49,9,46,46,39,46
c3943,10,14,8,8,7,10
c3944,50,47,70,70,65,30
c3945,38,11,37,37,33,11
c3946,34,6,35,35,29,17
c3947,47,4,35,35,29,16
c3948,32,13,35,35,34,15
c3949,79,4,59,58,67,28
c3950,59,9,53,50,53,25
c3951,29,2,28,20,20,19
c3952,20,4,21,21,21,14
c3953,33,3,46,46,39,21
c3954,13,26,14,14,14,7
c3955,16,2,23,23,23,25
c3956,16,13,20,17,20,13
c3957,16,23,25,22,25,13
c3958,18,21,19,14,19,24
c3959,32,5,11,11,11,9
c3960,12,19,31,31,24,11
c3961,14,12,14,14,14,11
c3962,53,0,32,32,32,17
c3963,32,6,43,43,42,18
c3964,24,17,31,31,31,30
c3965,46,64,55,53,55,22
c3966,42,48,41,37,41,24
c3967,45,27,49,47,49,34
c3968,31,18,30,24,30,9
c3969,17,28,29,29,24,17
c3970,11,7,16,16,12,11
c3971,40,12,30,29,30,28
c3972,48,24,42,38,42,21
c3973,48,9,40,40,33,18
c3974,25,7,52,44,44,17
c3975,38,20,29,27,29,22
c3976,17,13,37,37,37,10
c3977,24,7,23,22,23,13
c3978,60,2,14,14,14,26
c3979,27,14,30,28,30,15
c3980,49,35,61,50,61,16
c3981,25,40,47,47,40,12
c3982,42,17,55,51,55,9
c3983,51,4,43,40,43,15
c3984,29,4,28,28,25,9
c3985,13,18,24,24,17,12
c3986,17,16,10,10,5,8
c3987,30,16,52,51,52,37
c3988,25,21,10,10,10,13
c3989,80,3,57,48,57,12
c3990,25,11,18,17,18,10
c3991,19,9,27,27,24,13
c3992,54,29,64,64,64,24
c3993,31,27,36,36,33,26
c3994,24,5,21,21,21,4
c3995,10,24,19,19,19,11
c3996,47,4,70,69,70,14
c3997,26,38,40,36,40,22
c3998,18,5,19,18,19,28
c3999,32,59,3,3,3,14
c4000,18,15,25,22,25,18
c4001,42,14,42,42,40,30
c4002,18,27,13,13,13,12
c4003,34,23,30,28,30,13
c4004,47,13,34,34,33,26
c4005,46,12,42,40,42,20
c4006,25,6,2,2,2,12
c4007,42,7,22,22,17,19
c4008,34,42,50,45,50,37
c4009,25,2,19,15,19,31
c4010,26,21,35,35,34,17
c4011,34,4,15,15,15,20
c4012,45,7,38,38,33,14
c4013,37,14,47,47,41,9
c4014,20,0,41,32,32,11
c4015,29,4,13,13,11,21
c4016,10,25,10,15,15,10
c4017,64,4,34,34,32,29
c4018,21,4,21,19,21,10
c4019,50,7,28,24,28,9
c4020,28,6,42,42,46,11
c4021,25,11,23,23,23,19
c4022,29,23,37,37,32,16
c4023,13,12,18,15,18,9
c4024,76,28,54,46,46,37
c4025,78,5,65,65,64,27
c4026,31,4,17,17,13,6
c4027,39,0,21,19,21,14
