cell_id,FLT3.13.28608224.X,SRSF2.17.74732959.G,ASXL1.20.31022441.A
c1,0,0,0
c2,9,2,0
c3,13,0,1
c4,17,2,5
c5,38,4,5
c6,32,5,8
c7,8,0,5
c8,43,0,3
c9,11,4,2
c10,15,2,1
c11,41,0,5
c12,0,0,0
c13,8,2,3
c14,0,0,4
c15,40,2,3
c16,6,0,1
c17,24,0,2
c18,13,0,2
c19,8,2,1
c20,0,0,2
c21,28,2,5
c22,12,2,2
c23,12,0,2
c24,44,0,4
c25,16,10,3
c26,21,0,0
c27,0,0,0
c28,23,2,5
c29,0,0,3
c30,19,0,3
c31,0,1,3
c32,33,2,3
c33,9,0,3
c34,24,4,1
c35,17,4,1
c36,18,0,0
c37,28,2,5
c38,15,0,2
c39,0,0,2
c40,0,2,6
c41,11,0,4
c42,12,0,1
c43,0,0,6
c44,11,0,3
c45,8,2,8
c46,0,0,8
c47,30,0,12
c48,8,2,5
c49,19,0,6
c50,9,2,2
c51,22,4,2
c52,33,4,8
c53,32,0,2
c54,0,0,3
c55,27,6,7
c56,33,2,6
c57,25,8,2
c58,18,2,5
c59,6,0,4
c60,0,0,2
c61,15,0,1
c62,8,2,5
c63,11,0,2
c64,2,0,1
c65,5,7,1
c66,18,2,2
c67,15,4,1
c68,28,0,5
c69,26,2,0
c70,20,0,1
c71,11,4,2
c72,0,0,4
c73,21,0,1
c74,0,0,0
c75,23,0,6
c76,6,2,1
c77,3,0,1
c78,0,2,6
c79,0,0,6
c80,31,0,3
c81,10,3,1
c82,0,0,5
c83,12,2,1
c84,13,11,0
c85,0,0,0
c86,19,6,5
c87,17,2,5
c88,18,2,1
c89,29,10,5
c90,2,4,0
c91,0,6,1
c92,0,0,2
c93,38,0,2
c94,0,5,8
c95,0,0,2
c96,15,2,0
c97,30,0,3
c98,16,2,4
c99,24,4,5
c100,0,0,2
c101,17,0,0
c102,46,4,3
c103,19,4,0
c104,32,0,1
c105,7,0,2
c106,0,0,6
c107,33,9,4
c108,22,2,8
c109,13,2,1
c110,0,0,0
c111,7,0,0
c112,11,0,1
c113,8,6,0
c114,18,0,2
c115,26,2,4
c116,12,6,3
c117,11,2,0
c118,20,2,2
c119,8,2,3
c120,9,0,0
c121,6,0,5
c122,0,0,4
c123,23,0,0
c124,0,2,8
c125,11,0,3
c126,0,0,7
c127,0,0,0
c128,8,0,0
c129,15,0,6
c130,26,4,4
c131,0,2,2
c132,23,0,2
c133,10,0,0
c134,0,0,0
c135,0,0,2
c136,26,0,7
c137,15,0,0
c138,1,3,2
c139,0,0,0
c140,17,2,0
c141,10,4,0
c142,0,2,5
c143,6,0,1
c144,7,0,9
c145,21,2,0
c146,10,2,3
c147,43,7,6
c148,13,2,0
c149,25,0,2
c150,0,0,5
c151,24,2,1
c152,31,0,3
c153,27,0,1
c154,13,4,5
c155,41,18,6
c156,14,0,2
c157,18,0,3
c158,21,0,5
c159,35,2,3
c160,9,4,1
c161,0,2,3
c162,14,2,2
c163,12,0,0
c164,22,0,1
c165,0,2,7
c166,0,4,3
c167,6,0,2
c168,26,4,3
c169,24,0,3
c170,38,0,2
c171,72,2,8
c172,0,0,3
c173,33,6,6
c174,29,0,6
c175,0,0,4
c176,35,16,5
c177,5,0,3
c178,13,2,3
c179,10,2,1
c180,8,2,3
c181,16,3,0
c182,13,0,2
c183,15,0,4
c184,35,4,1
c185,16,0,0
c186,11,0,1
c187,0,2,4
c188,36,2,4
c189,0,0,0
c190,11,6,2
c191,0,4,4
c192,14,8,6
c193,8,5,0
c194,11,0,2
c195,21,4,3
c196,22,2,1
c197,15,0,1
c198,0,0,0
c199,15,2,0
c200,11,0,1
c201,4,0,10
c202,14,0,0
c203,6,4,1
c204,43,0,3
c205,35,9,9
c206,4,6,3
c207,18,0,6
c208,16,0,5
c209,18,0,2
c210,0,0,2
c211,0,3,3
c212,12,2,0
c213,0,0,5
c214,16,0,4
c215,34,4,6
c216,66,0,7
c217,12,0,1
c218,37,0,5
c219,0,0,3
c220,11,9,3
c221,11,0,3
c222,0,4,1
c223,24,2,3
c224,22,1,8
c225,32,0,5
c226,41,0,0
c227,33,1,5
c228,0,2,1
c229,9,3,2
c230,0,0,0
c231,13,2,2
c232,15,2,3
c233,0,0,3
c234,0,0,1
c235,9,0,5
c236,20,0,10
c237,20,2,2
c238,5,0,2
c239,22,0,3
c240,14,1,1
c241,12,0,3
c242,27,0,8
c243,27,0,6
c244,16,0,6
c245,0,0,7
c246,14,0,2
c247,0,0,0
c248,35,6,0
c249,12,0,1
c250,0,4,0
c251,16,0,2
c252,14,4,1
c253,20,4,2
c254,0,0,2
c255,13,0,2
c256,87,35,15
c257,4,6,0
c258,0,4,0
c259,10,2,3
c260,11,3,0
c261,28,0,5
c262,9,0,1
c263,0,0,2
c264,14,0,0
c265,10,0,3
c266,17,0,5
c267,13,4,3
c268,0,0,3
c269,14,2,4
c270,0,0,3
c271,20,4,8
c272,0,0,3
c273,30,5,1
c274,11,0,2
c275,34,3,7
c276,18,0,1
c277,20,0,1
c278,11,4,2
c279,37,0,1
c280,15,0,2
c281,12,2,7
c282,39,9,5
c283,23,0,4
c284,11,0,9
c285,37,4,1
c286,24,0,2
c287,9,3,2
c288,8,8,6
c289,24,0,2
c290,30,2,2
c291,6,0,4
c292,32,0,3
c293,21,0,1
c294,35,2,8
c295,7,2,2
c296,29,0,19
c297,16,16,3
c298,20,2,5
c299,12,6,3
c300,24,2,3
c301,0,4,4
c302,11,8,7
c303,10,4,1
c304,11,0,0
c305,19,2,4
c306,2,0,2
c307,8,8,4
c308,11,0,1
c309,16,2,1
c310,0,4,4
c311,19,0,0
c312,15,0,0
c313,0,4,0
c314,0,0,10
c315,13,2,3
c316,37,0,4
c317,9,0,0
c318,11,3,1
c319,27,9,2
c320,41,13,8
c321,7,0,2
c322,24,2,7
c323,0,0,1
c324,14,0,2
c325,0,0,8
c326,14,2,2
c327,10,2,3
c328,15,0,1
c329,12,0,3
c330,0,4,3
c331,0,0,5
c332,20,0,6
c333,0,0,0
c334,17,0,2
c335,14,8,0
c336,22,10,0
c337,0,2,2
c338,28,10,2
c339,8,0,5
c340,17,2,4
c341,12,0,2
c342,32,2,3
c343,0,0,0
c344,21,0,2
c345,15,0,3
c346,32,0,5
c347,7,0,9
c348,9,4,0
c349,10,0,0
c350,0,0,0
c351,5,2,4
c352,0,4,3
c353,9,0,1
c354,13,0,2
c355,36,0,1
c356,5,0,2
c357,12,0,1
c358,15,0,6
c359,0,0,2
c360,21,0,1
c361,0,0,2
c362,38,5,4
c363,0,0,2
c364,0,0,1
c365,17,2,1
c366,0,4,3
c367,8,3,2
c368,36,3,4
c369,8,2,2
c370,16,0,4
c371,0,4,3
c372,8,0,3
c373,9,0,3
c374,14,0,3
c375,1,0,4
c376,18,0,4
c377,11,0,2
c378,67,4,4
c379,104,2,6
c380,0,0,4
c381,8,0,1
c382,0,0,2
c383,8,4,4
c384,11,0,1
c385,17,0,1
c386,0,0,0
c387,3,2,3
c388,0,0,0
c389,0,0,5
c390,43,1,3
c391,13,0,2
c392,14,0,0
c393,10,0,3
c394,9,0,3
c395,10,2,1
c396,12,4,4
c397,34,2,3
c398,31,0,4
c399,29,0,1
c400,9,5,3
c401,9,2,1
c402,34,0,6
c403,56,0,2
c404,32,0,4
c405,34,0,4
c406,20,7,3
c407,17,0,3
c408,9,2,3
c409,10,2,1
c410,43,18,3
c411,46,0,13
c412,15,0,4
c413,19,2,4
c414,0,0,3
c415,0,4,1
c416,11,0,1
c417,14,0,0
c418,20,2,2
c419,13,5,1
c420,0,0,0
c421,24,0,3
c422,15,2,4
c423,12,0,3
c424,1,0,0
c425,14,0,0
c426,5,0,4
c427,11,0,0
c428,57,2,5
c429,0,0,2
c430,16,4,1
c431,16,0,1
c432,23,0,1
c433,0,2,4
c434,6,0,0
c435,0,0,2
c436,15,0,4
c437,0,6,4
c438,0,0,4
c439,22,0,4
c440,16,4,1
c441,42,0,2
c442,30,0,6
c443,0,4,5
c444,23,6,1
c445,35,8,7
c446,17,2,4
c447,6,0,1
c448,42,6,1
c449,10,0,2
c450,8,8,3
c451,0,2,2
c452,26,2,5
c453,15,2,3
c454,5,4,0
c455,17,2,4
c456,41,6,6
c457,0,0,1
c458,14,6,2
c459,3,0,3
c460,47,2,6
c461,67,13,10
c462,9,4,2
c463,52,2,4
c464,0,2,0
c465,34,4,7
c466,15,0,3
c467,11,0,3
c468,0,0,1
c469,26,6,3
c470,6,0,5
c471,34,0,3
c472,18,0,4
c473,25,2,5
c474,21,2,4
c475,16,4,4
c476,25,7,4
c477,2,0,2
c478,0,4,4
c479,10,0,1
c480,6,0,0
c481,12,0,0
c482,15,0,3
c483,13,2,1
c484,0,0,2
c485,22,0,2
c486,16,5,2
c487,0,0,1
c488,0,0,0
c489,16,0,0
c490,12,7,1
c491,26,0,4
c492,6,2,8
c493,24,0,1
c494,18,0,3
c495,0,2,1
c496,0,0,2
c497,12,6,5
c498,15,0,5
c499,14,5,2
c500,33,0,2
c501,20,0,2
c502,0,0,2
c503,30,0,9
c504,25,3,6
c505,15,4,5
c506,19,0,2
c507,10,0,2
c508,45,0,11
c509,27,6,0
c510,27,4,1
c511,10,0,3
c512,12,4,1
c513,15,2,4
c514,9,0,1
c515,0,0,0
c516,17,0,2
c517,9,0,7
c518,3,2,0
c519,9,0,12
c520,15,2,3
c521,41,4,2
c522,0,0,0
c523,25,2,3
c524,46,1,7
c525,5,0,1
c526,33,0,4
c527,37,11,4
c528,16,0,1
c529,10,0,4
c530,9,0,3
c531,0,0,0
c532,0,0,2
c533,0,2,2
c534,0,4,4
c535,32,4,3
c536,20,0,2
c537,0,0,4
c538,0,0,0
c539,0,6,4
c540,13,0,2
c541,21,2,3
c542,0,6,1
c543,25,2,29
c544,14,2,3
c545,26,8,5
c546,11,2,1
c547,6,0,6
c548,9,0,0
c549,18,0,3
c550,4,0,2
c551,24,2,4
c552,13,0,1
c553,14,0,1
c554,12,2,1
c555,0,0,3
c556,7,2,8
c557,11,2,2
c558,15,0,10
c559,24,4,5
c560,9,0,4
c561,41,0,2
c562,0,0,0
c563,15,0,5
c564,0,0,2
c565,0,0,5
c566,5,4,0
c567,7,0,2
c568,10,0,8
c569,22,0,2
c570,9,0,1
c571,0,0,3
c572,16,4,0
c573,16,0,1
c574,8,0,2
c575,23,0,5
c576,25,0,4
c577,6,4,2
c578,0,0,1
c579,22,2,0
c580,8,1,4
c581,0,2,0
c582,8,2,1
c583,39,2,4
c584,21,4,1
c585,19,0,3
c586,11,2,3
c587,18,6,2
c588,32,4,2
c589,0,2,6
c590,16,0,1
c591,12,0,1
c592,24,4,9
c593,8,0,2
c594,8,2,2
c595,4,0,5
c596,34,0,9
c597,3,0,5
c598,33,4,0
c599,10,4,1
c600,21,2,4
c601,42,0,6
c602,0,3,3
c603,10,0,0
c604,20,2,4
c605,23,0,5
c606,16,0,3
c607,26,0,5
c608,8,4,1
c609,44,4,3
c610,0,0,1
c611,34,2,4
c612,9,2,0
c613,0,0,2
c614,11,2,1
c615,0,2,0
c616,15,2,3
c617,16,2,5
c618,35,0,1
c619,10,0,1
c620,13,0,5
c621,24,0,2
c622,8,0,3
c623,39,10,5
c624,0,0,1
c625,24,4,2
c626,17,0,4
c627,0,2,1
c628,17,2,5
c629,9,0,0
c630,0,0,0
c631,0,2,2
c632,0,2,2
c633,23,4,3
c634,12,0,1
c635,15,0,4
c636,0,2,1
c637,8,2,2
c638,6,0,1
c639,11,0,4
c640,16,0,1
c641,36,2,6
c642,0,0,3
c643,0,0,3
c644,23,0,1
c645,18,0,3
c646,20,0,5
c647,10,0,5
c648,31,3,2
c649,15,2,0
c650,13,0,2
c651,21,2,4
c652,17,0,2
c653,12,2,1
c654,11,4,2
c655,17,0,3
c656,16,2,1
c657,19,2,0
c658,10,0,3
c659,4,0,3
c660,46,2,3
c661,0,6,0
c662,19,0,2
c663,0,0,4
c664,7,4,4
c665,0,0,0
c666,13,6,0
c667,21,2,0
c668,0,2,3
c669,0,0,2
c670,23,7,4
c671,31,8,6
c672,45,0,11
c673,18,0,2
c674,0,2,2
c675,0,5,0
c676,0,0,1
c677,64,8,8
c678,20,0,4
c679,11,2,1
c680,11,0,3
c681,0,2,4
c682,38,1,5
c683,0,2,4
c684,0,0,9
c685,38,2,3
c686,0,2,0
c687,20,0,0
c688,4,2,1
c689,0,0,1
c690,25,0,2
c691,28,0,2
c692,20,6,2
c693,0,0,8
c694,30,0,3
c695,6,0,2
c696,18,0,2
c697,0,0,7
c698,15,0,1
c699,22,2,2
c700,59,0,5
c701,20,0,1
c702,28,2,6
c703,14,2,0
c704,16,2,3
c705,15,0,4
c706,8,2,3
c707,9,0,5
c708,20,0,3
c709,10,9,3
c710,6,0,1
c711,13,2,3
c712,20,2,5
c713,24,0,4
c714,0,0,1
c715,36,0,1
c716,7,2,0
c717,31,0,2
c718,0,0,4
c719,26,0,1
c720,38,0,5
c721,7,0,3
c722,0,0,0
c723,11,2,1
c724,37,8,7
c725,22,0,0
c726,19,0,2
c727,18,0,3
c728,12,0,2
c729,0,0,0
c730,14,0,1
c731,0,2,0
c732,9,0,1
c733,15,2,1
c734,19,0,2
c735,0,0,0
c736,0,0,0
c737,24,0,4
c738,12,0,3
c739,8,2,2
c740,5,0,1
c741,39,0,1
c742,0,0,1
c743,9,0,8
c744,0,2,0
c745,17,2,1
c746,7,0,0
c747,0,0,2
c748,0,0,0
c749,6,0,1
c750,0,0,3
c751,0,0,1
c752,4,2,1
c753,0,0,0
c754,24,0,0
c755,8,4,1
c756,0,0,0
c757,47,0,0
c758,28,2,7
c759,0,5,6
c760,21,0,5
c761,6,0,4
c762,14,0,1
c763,8,0,2
c764,19,0,2
c765,10,2,0
c766,35,2,3
c767,7,0,2
c768,19,0,1
c769,20,0,3
c770,12,2,4
c771,3,2,1
c772,5,0,1
c773,16,1,3
c774,26,0,5
c775,14,0,5
c776,15,4,8
c777,23,2,5
c778,8,0,7
c779,6,11,3
c780,20,4,1
c781,14,0,2
c782,15,0,3
c783,0,4,2
c784,37,14,4
c785,18,0,3
c786,0,2,1
c787,23,2,5
c788,21,4,1
c789,25,0,3
c790,0,2,1
c791,31,0,0
c792,9,0,3
c793,0,0,4
c794,12,0,7
c795,14,0,3
c796,13,4,3
c797,71,3,3
c798,35,0,8
c799,12,0,1
c800,21,2,5
c801,0,5,3
c802,8,0,1
c803,14,0,1
c804,43,5,4
c805,0,0,2
c806,37,2,2
c807,5,4,0
c808,38,2,9
c809,29,2,4
c810,24,4,2
c811,0,0,10
c812,17,0,1
c813,8,4,2
c814,0,0,1
c815,0,2,0
c816,14,2,4
c817,14,4,1
c818,20,2,8
c819,22,0,2
c820,14,0,1
c821,10,0,0
c822,42,0,2
c823,10,4,4
c824,0,4,6
c825,9,0,1
c826,4,2,2
c827,0,0,0
c828,43,4,10
c829,0,0,1
c830,14,0,3
c831,11,4,2
c832,11,0,3
c833,8,0,1
c834,8,2,2
c835,6,2,3
c836,23,2,4
c837,29,12,8
c838,19,2,1
c839,0,0,0
c840,8,0,3
c841,11,0,1
c842,21,0,2
c843,10,0,6
c844,0,0,5
c845,29,0,5
c846,0,0,1
c847,32,7,5
c848,5,4,0
c849,18,0,2
c850,17,0,2
c851,17,0,0
c852,5,0,1
c853,0,2,5
c854,29,2,3
c855,0,0,1
c856,0,0,5
c857,23,4,2
c858,16,0,3
c859,8,0,5
c860,15,0,2
c861,14,0,2
c862,15,2,4
c863,0,0,6
c864,19,3,2
c865,21,0,1
c866,10,2,3
c867,8,0,2
c868,13,0,1
c869,17,0,2
c870,14,0,1
c871,0,0,2
c872,9,0,4
c873,0,0,2
c874,0,0,0
c875,20,5,2
c876,15,0,7
c877,16,4,0
c878,0,0,7
c879,41,3,6
c880,0,0,0
c881,13,5,6
c882,18,12,1
c883,0,0,6
c884,22,0,0
c885,14,4,1
c886,13,2,1
c887,19,0,1
c888,0,0,2
c889,22,0,4
c890,14,4,3
c891,4,0,8
c892,15,0,2
c893,12,4,3
c894,13,6,1
c895,8,0,3
c896,21,0,3
c897,29,2,4
c898,0,0,7
c899,8,2,1
c900,6,0,1
c901,18,0,1
c902,13,0,11
c903,0,2,2
c904,48,6,6
c905,0,0,4
c906,0,6,1
c907,48,2,2
c908,0,0,0
c909,0,0,0
c910,32,2,5
c911,0,4,2
c912,22,8,2
c913,29,2,0
c914,14,2,0
c915,23,2,6
c916,15,2,1
c917,0,5,5
c918,24,0,6
c919,9,2,2
c920,0,0,0
c921,39,0,4
c922,18,2,1
c923,33,0,6
c924,22,0,3
c925,7,0,2
c926,20,4,5
c927,5,0,5
c928,15,0,2
c929,19,0,0
c930,20,2,4
c931,27,2,1
c932,25,2,7
c933,19,0,7
c934,12,2,2
c935,16,0,3
c936,19,2,1
c937,22,2,7
c938,15,4,4
c939,0,1,5
c940,0,0,2
c941,14,0,4
c942,17,0,2
c943,19,2,4
c944,16,6,2
c945,33,0,6
c946,8,0,1
c947,13,0,2
c948,9,0,4
c949,0,0,3
c950,15,3,6
c951,16,5,2
c952,25,11,7
c953,45,0,6
c954,29,0,3
c955,14,2,2
c956,68,2,7
c957,8,2,0
c958,7,0,1
c959,20,0,1
c960,39,2,1
c961,0,0,1
c962,0,2,3
c963,31,0,2
c964,12,2,5
c965,20,0,5
c966,17,4,4
c967,15,2,3
c968,12,0,4
c969,33,11,7
c970,0,2,2
c971,6,0,3
c972,43,2,7
c973,38,0,7
c974,0,0,2
c975,17,0,2
c976,13,4,7
c977,14,0,1
c978,0,0,2
c979,24,0,2
c980,16,0,9
c981,0,2,1
c982,0,0,1
c983,0,0,1
c984,4,0,2
c985,8,2,0
c986,0,0,0
c987,8,4,2
c988,21,13,3
c989,15,2,4
c990,0,0,0
c991,11,0,1
c992,0,2,3
c993,24,8,1
c994,16,2,3
c995,12,7,1
c996,17,4,5
c997,16,0,1
c998,0,0,0
c999,10,0,4
c1000,15,2,0
c1001,28,2,12
c1002,11,0,1
c1003,19,2,4
c1004,13,0,1
c1005,13,0,8
c1006,10,0,3
c1007,10,0,3
c1008,13,0,2
c1009,13,4,3
c1010,29,0,9
c1011,32,0,2
c1012,24,0,2
c1013,28,0,2
c1014,0,0,0
c1015,10,2,1
c1016,0,6,3
c1017,8,0,1
c1018,0,5,7
c1019,22,2,2
c1020,6,2,1
c1021,15,2,3
c1022,0,4,2
c1023,0,0,0
c1024,17,2,4
c1025,29,8,1
c1026,4,0,0
c1027,0,2,0
c1028,11,0,7
c1029,0,0,0
c1030,7,0,3
c1031,17,9,8
c1032,0,0,0
c1033,23,2,1
c1034,12,0,3
c1035,20,4,4
c1036,28,0,8
c1037,15,0,0
c1038,10,0,1
c1039,24,4,0
c1040,0,2,4
c1041,7,2,4
c1042,5,0,1
c1043,0,8,2
c1044,14,6,0
c1045,17,0,0
c1046,0,14,5
c1047,4,2,0
c1048,22,6,9
c1049,14,0,0
c1050,0,0,0
c1051,5,0,0
c1052,13,4,0
c1053,11,2,8
c1054,0,0,2
c1055,35,2,4
c1056,13,0,1
c1057,0,2,6
c1058,22,4,1
c1059,0,4,2
c1060,14,2,4
c1061,19,0,3
c1062,52,2,8
c1063,5,0,1
c1064,19,0,2
c1065,24,2,2
c1066,17,5,3
c1067,37,0,2
c1068,0,2,8
c1069,12,2,11
c1070,0,2,2
c1071,34,3,9
c1072,0,0,3
c1073,0,6,6
c1074,17,4,1
c1075,35,4,3
c1076,0,0,4
c1077,0,6,3
c1078,17,2,2
c1079,8,0,2
c1080,17,3,0
c1081,11,0,2
c1082,0,0,4
c1083,22,2,1
c1084,0,0,7
c1085,39,6,4
c1086,22,5,4
c1087,11,0,3
c1088,16,0,5
c1089,8,2,0
c1090,24,0,0
c1091,0,0,4
c1092,36,4,5
c1093,8,0,0
c1094,3,0,4
c1095,0,2,3
c1096,19,2,3
c1097,0,6,4
c1098,30,1,3
c1099,28,4,0
c1100,11,2,1
c1101,27,0,5
c1102,7,2,0
c1103,0,0,3
c1104,0,2,8
c1105,0,2,1
c1106,18,0,0
c1107,47,2,3
c1108,10,0,2
c1109,9,0,1
c1110,22,0,1
c1111,10,2,2
c1112,13,0,2
c1113,14,2,2
c1114,18,0,7
c1115,5,2,2
c1116,0,0,0
c1117,0,0,4
c1118,0,0,4
c1119,0,2,0
c1120,9,2,3
c1121,42,0,9
c1122,42,0,9
c1123,0,2,1
c1124,0,0,3
c1125,0,8,5
c1126,13,4,3
c1127,6,1,1
c1128,33,0,1
c1129,5,0,2
c1130,9,0,1
c1131,12,0,5
c1132,11,0,2
c1133,12,0,1
c1134,16,2,1
c1135,3,0,3
c1136,38,0,4
c1137,32,2,4
c1138,9,0,3
c1139,13,2,0
c1140,11,0,0
c1141,12,0,1
c1142,2,0,4
c1143,0,0,2
c1144,24,6,5
c1145,4,4,1
c1146,10,0,0
c1147,0,0,0
c1148,19,4,4
c1149,19,6,1
c1150,25,2,2
c1151,12,2,1
c1152,17,0,3
c1153,9,0,4
c1154,7,2,0
c1155,12,0,6
c1156,0,9,7
c1157,11,0,3
c1158,0,0,6
c1159,0,0,4
c1160,17,6,2
c1161,39,0,2
c1162,32,10,8
c1163,0,0,6
c1164,0,0,2
c1165,0,0,3
c1166,14,2,2
c1167,0,0,2
c1168,14,3,0
c1169,39,24,6
c1170,30,6,3
c1171,12,0,3
c1172,12,0,2
c1173,0,2,3
c1174,0,0,1
c1175,20,0,5
c1176,0,0,4
c1177,2,4,2
c1178,14,0,1
c1179,14,4,1
c1180,19,4,2
c1181,11,2,1
c1182,43,0,3
c1183,13,0,4
c1184,14,0,5
c1185,5,0,1
c1186,14,3,3
c1187,13,2,0
c1188,9,0,2
c1189,19,0,4
c1190,48,2,9
c1191,37,8,3
c1192,33,2,2
c1193,0,2,0
c1194,48,2,5
c1195,22,2,2
c1196,32,2,5
c1197,27,2,3
c1198,26,2,1
c1199,0,2,6
c1200,30,8,15
c1201,5,0,2
c1202,56,8,5
c1203,25,0,3
c1204,9,0,9
c1205,36,0,3
c1206,8,0,2
c1207,14,0,2
c1208,25,0,5
c1209,19,4,0
c1210,4,0,1
c1211,16,4,2
c1212,20,0,6
c1213,38,0,5
c1214,0,0,5
c1215,4,2,2
c1216,0,0,0
c1217,0,4,2
c1218,16,0,2
c1219,27,2,1
c1220,12,4,0
c1221,13,1,4
c1222,0,0,3
c1223,2,4,6
c1224,39,2,3
c1225,0,0,7
c1226,15,0,0
c1227,0,2,1
c1228,21,0,0
c1229,0,0,1
c1230,18,4,4
c1231,0,0,4
c1232,0,0,0
c1233,5,0,0
c1234,7,2,2
c1235,18,2,2
c1236,0,0,4
c1237,38,2,4
c1238,8,2,4
c1239,29,0,4
c1240,12,4,1
c1241,18,0,1
c1242,2,0,3
c1243,8,0,2
c1244,14,0,3
c1245,10,0,0
c1246,37,12,9
c1247,0,0,4
c1248,9,6,2
c1249,15,2,2
c1250,0,8,10
c1251,42,0,5
c1252,0,0,0
c1253,0,2,1
c1254,17,4,7
c1255,11,0,3
c1256,8,8,5
c1257,0,9,5
c1258,0,4,3
c1259,20,2,0
c1260,20,0,5
c1261,8,0,2
c1262,15,2,2
c1263,0,0,1
c1264,20,0,2
c1265,38,2,4
c1266,8,3,1
c1267,17,0,0
c1268,10,0,6
c1269,17,0,7
c1270,17,2,1
c1271,11,0,2
c1272,0,6,1
c1273,30,4,7
c1274,36,0,1
c1275,16,0,1
c1276,23,2,1
c1277,0,0,2
c1278,20,2,0
c1279,13,8,1
c1280,0,0,0
c1281,10,0,2
c1282,10,0,0
c1283,19,2,1
c1284,16,0,0
c1285,30,11,5
c1286,31,0,8
c1287,56,0,4
c1288,0,0,2
c1289,0,0,0
c1290,13,0,3
c1291,0,0,2
c1292,15,2,4
c1293,0,2,0
c1294,73,8,11
c1295,7,6,2
c1296,21,2,4
c1297,11,4,0
c1298,18,0,4
c1299,12,3,0
c1300,0,0,0
c1301,20,0,3
c1302,11,10,2
c1303,19,7,8
c1304,6,2,0
c1305,46,0,9
c1306,16,0,3
c1307,16,2,2
c1308,0,6,2
c1309,11,2,3
c1310,18,2,2
c1311,19,2,0
c1312,20,0,2
c1313,0,4,4
c1314,0,0,7
c1315,19,0,2
c1316,15,6,1
c1317,3,10,10
c1318,31,2,4
c1319,31,0,9
c1320,12,3,1
c1321,47,0,11
c1322,0,2,3
c1323,25,10,7
c1324,16,6,2
c1325,15,0,2
c1326,46,4,4
c1327,11,0,1
c1328,8,0,5
c1329,32,0,3
c1330,40,0,3
c1331,5,0,5
c1332,36,0,0
c1333,0,0,3
c1334,0,2,1
c1335,23,0,0
c1336,14,0,2
c1337,0,4,0
c1338,14,6,1
c1339,30,0,0
c1340,12,4,0
c1341,28,0,6
c1342,17,0,5
c1343,30,0,2
c1344,0,0,0
c1345,14,0,2
c1346,28,2,2
c1347,3,0,4
c1348,22,0,1
c1349,18,8,0
c1350,26,2,0
c1351,0,2,1
c1352,51,0,9
c1353,9,2,3
c1354,10,6,4
c1355,0,2,1
c1356,18,0,2
c1357,30,0,2
c1358,12,0,2
c1359,12,0,3
c1360,9,0,3
c1361,0,0,1
c1362,19,0,1
c1363,4,0,1
c1364,10,0,1
c1365,6,2,1
c1366,11,0,1
c1367,24,2,3
c1368,12,2,1
c1369,55,0,6
c1370,0,2,3
c1371,0,2,0
c1372,22,6,3
c1373,0,0,1
c1374,14,7,1
c1375,5,0,4
c1376,13,2,2
c1377,10,4,5
c1378,22,4,4
c1379,7,2,4
c1380,50,0,0
c1381,0,0,2
c1382,12,2,0
c1383,9,0,2
c1384,17,0,0
c1385,29,0,1
c1386,21,4,5
c1387,18,3,4
c1388,12,0,2
c1389,0,2,7
c1390,10,0,0
c1391,0,0,1
c1392,11,0,2
c1393,14,2,3
c1394,29,4,2
c1395,0,0,0
c1396,0,0,4
c1397,0,3,3
c1398,10,4,3
c1399,9,0,5
c1400,0,0,0
c1401,50,0,9
c1402,0,0,4
c1403,4,4,1
c1404,36,0,4
c1405,23,0,8
c1406,0,0,1
c1407,28,0,2
c1408,8,0,2
c1409,25,3,2
c1410,7,0,0
c1411,12,2,2
c1412,14,0,1
c1413,32,0,6
c1414,13,2,2
c1415,6,4,0
c1416,17,0,5
c1417,44,2,7
c1418,11,0,4
c1419,4,0,2
c1420,0,0,2
c1421,51,0,3
c1422,0,2,6
c1423,47,0,3
c1424,0,0,0
c1425,19,0,7
c1426,0,0,2
c1427,0,0,6
c1428,14,14,2
c1429,42,4,6
c1430,14,0,0
c1431,10,4,3
c1432,5,6,1
c1433,0,1,1
c1434,23,2,3
c1435,43,0,4
c1436,13,2,4
c1437,12,0,2
c1438,23,0,1
c1439,0,4,1
c1440,0,0,2
c1441,47,10,4
c1442,12,2,3
c1443,49,6,2
c1444,17,0,2
c1445,9,0,1
c1446,11,0,3
c1447,33,0,2
c1448,0,0,0
c1449,18,2,8
c1450,0,0,5
c1451,6,2,0
c1452,24,6,2
c1453,0,0,0
c1454,27,16,6
c1455,8,1,0
c1456,8,6,0
c1457,9,2,4
c1458,9,6,1
c1459,18,0,3
c1460,4,0,0
c1461,6,2,3
c1462,7,0,0
c1463,0,0,6
c1464,13,6,5
c1465,16,0,1
c1466,0,0,3
c1467,20,10,4
c1468,40,2,1
c1469,13,0,7
c1470,23,0,5
c1471,40,4,8
c1472,17,2,1
c1473,20,0,1
c1474,0,6,2
c1475,46,2,6
c1476,10,0,8
c1477,12,4,3
c1478,21,0,9
c1479,33,0,4
c1480,0,0,1
c1481,0,0,2
c1482,13,0,5
c1483,12,2,3
c1484,8,0,1
c1485,0,0,1
c1486,3,11,3
c1487,24,0,2
c1488,12,0,12
c1489,19,0,1
c1490,10,4,4
c1491,0,2,1
c1492,11,0,3
c1493,18,2,0
c1494,23,0,1
c1495,44,14,2
c1496,22,0,3
c1497,17,0,0
c1498,17,6,1
c1499,34,0,5
c1500,18,2,4
c1501,16,2,5
c1502,17,0,4
c1503,0,0,0
c1504,2,0,3
c1505,21,2,9
c1506,9,4,1
c1507,0,0,5
c1508,16,0,4
c1509,8,2,0
c1510,0,0,3
c1511,48,0,8
c1512,34,0,3
c1513,30,0,7
c1514,22,2,1
c1515,0,0,2
c1516,44,10,2
c1517,12,0,2
c1518,15,0,1
c1519,8,0,2
c1520,18,12,1
c1521,13,0,0
c1522,15,2,7
c1523,35,6,3
c1524,21,4,1
c1525,8,0,1
c1526,14,0,3
c1527,16,0,3
c1528,39,0,1
c1529,22,2,1
c1530,11,0,1
c1531,12,0,10
c1532,73,2,4
c1533,23,2,2
c1534,14,2,3
c1535,6,2,2
c1536,11,0,4
c1537,27,2,9
c1538,34,2,2
c1539,7,0,3
c1540,30,0,11
c1541,11,0,3
c1542,27,8,7
c1543,0,0,3
c1544,15,2,12
c1545,10,0,1
c1546,24,0,0
c1547,17,0,7
c1548,21,0,1
c1549,27,4,9
c1550,0,0,6
c1551,26,0,9
c1552,0,4,0
c1553,25,0,7
c1554,0,0,6
c1555,12,0,0
c1556,21,0,3
c1557,0,2,2
c1558,9,0,0
c1559,0,0,7
c1560,12,2,3
c1561,14,1,1
c1562,13,2,2
c1563,46,5,14
c1564,13,0,4
c1565,11,2,5
c1566,13,2,3
c1567,37,5,3
c1568,10,0,2
c1569,6,0,3
c1570,14,0,4
c1571,16,0,3
c1572,0,0,0
c1573,21,8,2
c1574,32,3,1
c1575,16,0,5
c1576,0,0,6
c1577,5,4,1
c1578,0,3,5
c1579,18,0,0
c1580,19,0,2
c1581,27,2,5
c1582,0,0,0
c1583,45,2,11
c1584,10,0,4
c1585,11,2,1
c1586,0,0,1
c1587,23,4,3
c1588,12,0,2
c1589,15,1,2
c1590,0,4,3
c1591,12,2,8
c1592,11,0,0
c1593,9,0,1
c1594,14,4,7
c1595,0,0,2
c1596,25,6,2
c1597,13,2,2
c1598,0,1,0
c1599,0,0,3
c1600,0,0,3
c1601,18,0,2
c1602,0,0,5
c1603,18,0,4
c1604,0,2,2
c1605,11,0,5
c1606,19,2,0
c1607,34,4,5
c1608,0,0,1
c1609,12,6,5
c1610,27,4,1
c1611,5,0,1
c1612,0,0,2
c1613,0,0,0
c1614,9,4,1
c1615,11,0,2
c1616,77,3,14
c1617,7,2,4
c1618,12,0,6
c1619,0,0,2
c1620,23,2,2
c1621,10,0,5
c1622,20,2,7
c1623,0,6,6
c1624,30,0,3
c1625,0,0,0
c1626,29,4,3
c1627,36,0,7
c1628,15,0,1
c1629,5,2,1
c1630,8,2,2
c1631,5,0,3
c1632,5,0,2
c1633,10,4,3
c1634,10,2,3
c1635,0,0,1
c1636,0,0,0
c1637,16,0,6
c1638,7,0,0
c1639,9,6,1
c1640,8,0,1
c1641,14,0,3
c1642,25,0,2
c1643,12,0,1
c1644,21,0,1
c1645,0,0,1
c1646,38,6,6
c1647,12,2,4
c1648,21,0,4
c1649,9,4,6
c1650,20,0,0
c1651,5,4,3
c1652,24,2,2
c1653,21,2,0
c1654,0,2,2
c1655,11,2,4
c1656,8,2,3
c1657,13,6,3
c1658,12,0,1
c1659,20,6,1
c1660,11,0,1
c1661,27,0,2
c1662,17,1,0
c1663,42,0,2
c1664,7,0,0
c1665,11,0,6
c1666,13,4,1
c1667,4,2,5
c1668,10,0,4
c1669,49,10,10
c1670,0,1,6
c1671,8,0,3
c1672,0,2,2
c1673,11,0,0
c1674,19,1,0
c1675,32,0,5
c1676,0,0,11
c1677,9,0,5
c1678,27,5,2
c1679,30,10,5
c1680,0,2,11
c1681,15,4,0
c1682,34,3,3
c1683,31,8,4
c1684,5,0,1
c1685,6,0,5
c1686,30,8,2
c1687,13,0,8
c1688,7,0,4
c1689,14,0,3
c1690,13,0,1
c1691,16,0,5
c1692,9,0,1
c1693,18,2,8
c1694,5,0,5
c1695,10,0,1
c1696,14,8,4
c1697,7,0,1
c1698,15,0,5
c1699,10,2,1
c1700,12,2,2
c1701,16,6,2
c1702,7,0,0
c1703,21,2,3
c1704,29,0,7
c1705,14,0,3
c1706,23,6,3
c1707,10,1,2
c1708,6,4,5
c1709,8,0,0
c1710,30,0,3
c1711,18,0,5
c1712,28,0,7
c1713,18,0,2
c1714,0,3,1
c1715,0,1,2
c1716,19,0,4
c1717,20,6,3
c1718,11,0,3
c1719,10,0,6
c1720,44,0,4
c1721,0,2,0
c1722,6,2,3
c1723,12,0,1
c1724,30,13,11
c1725,0,2,7
c1726,6,0,4
c1727,0,0,2
c1728,0,0,4
c1729,61,4,9
c1730,24,6,3
c1731,7,2,0
c1732,5,4,2
c1733,40,2,9
c1734,11,0,4
c1735,18,6,1
c1736,5,2,2
c1737,20,2,2
c1738,48,6,10
c1739,12,0,6
c1740,12,2,0
c1741,0,2,3
c1742,13,0,6
c1743,41,0,3
c1744,35,0,4
c1745,0,2,1
c1746,5,4,4
c1747,11,0,0
c1748,14,0,9
c1749,16,4,7
c1750,0,5,0
c1751,25,0,3
c1752,26,0,4
c1753,27,0,3
c1754,12,0,0
c1755,17,0,1
c1756,9,0,1
c1757,11,0,3
c1758,0,0,2
c1759,6,0,0
c1760,29,7,6
c1761,10,0,13
c1762,0,2,1
c1763,23,0,2
c1764,0,0,3
c1765,25,0,1
c1766,16,2,3
c1767,0,0,0
c1768,0,2,1
c1769,3,2,3
c1770,18,2,2
c1771,0,4,2
c1772,20,0,2
c1773,16,4,1
c1774,13,0,7
c1775,0,0,0
c1776,6,4,0
c1777,13,2,2
c1778,13,0,1
c1779,0,2,3
c1780,0,0,3
c1781,12,2,6
c1782,31,0,7
c1783,0,0,2
c1784,42,2,10
c1785,15,2,4
c1786,15,0,4
c1787,9,0,0
c1788,0,0,3
c1789,64,2,9
c1790,0,2,4
c1791,11,4,2
c1792,0,2,5
c1793,4,0,7
c1794,5,0,4
c1795,13,4,5
c1796,6,2,2
c1797,42,2,4
c1798,17,0,2
c1799,21,0,1
c1800,0,0,2
c1801,0,4,6
c1802,10,0,2
c1803,32,16,2
c1804,0,0,3
c1805,11,0,4
c1806,19,0,6
c1807,8,4,5
c1808,12,0,1
c1809,6,0,2
c1810,12,2,0
c1811,0,0,0
c1812,6,0,2
c1813,33,0,3
c1814,18,0,2
c1815,0,0,3
c1816,15,0,2
c1817,18,0,3
c1818,15,0,5
c1819,19,4,4
c1820,14,2,4
c1821,23,0,1
c1822,10,4,1
c1823,7,0,1
c1824,21,0,2
c1825,16,0,1
c1826,4,0,6
c1827,6,0,1
c1828,22,2,4
c1829,0,0,3
c1830,18,0,4
c1831,0,2,1
c1832,40,8,6
c1833,41,4,12
c1834,13,4,4
c1835,0,0,0
c1836,11,0,3
c1837,11,8,0
c1838,22,0,0
c1839,98,0,7
c1840,64,0,8
c1841,16,0,3
c1842,10,0,2
c1843,18,0,3
c1844,8,2,2
c1845,17,2,4
c1846,10,0,1
c1847,16,4,4
c1848,14,0,3
c1849,0,2,1
c1850,7,2,3
c1851,20,0,0
c1852,7,2,4
c1853,10,4,2
c1854,26,0,3
c1855,7,0,0
c1856,24,4,2
c1857,7,0,1
c1858,17,0,4
c1859,3,4,4
c1860,0,2,6
c1861,0,0,9
c1862,6,0,3
c1863,46,0,5
c1864,11,0,2
c1865,11,0,1
c1866,8,0,0
c1867,22,0,7
c1868,0,0,5
c1869,34,10,4
c1870,12,2,4
c1871,0,0,1
c1872,7,0,1
c1873,0,0,0
c1874,16,2,0
c1875,6,4,1
c1876,10,4,0
c1877,0,0,3
c1878,25,2,1
c1879,24,0,4
c1880,47,1,2
c1881,50,14,5
c1882,33,0,6
c1883,7,6,4
c1884,33,0,2
c1885,28,4,3
c1886,24,0,1
c1887,30,4,12
c1888,13,2,0
c1889,16,2,4
c1890,12,0,4
c1891,17,0,3
c1892,17,0,2
c1893,0,6,0
c1894,11,0,0
c1895,0,0,3
c1896,0,0,1
c1897,15,0,0
c1898,16,6,0
c1899,6,2,3
c1900,7,4,2
c1901,17,0,9
c1902,21,0,0
c1903,0,0,0
c1904,14,0,4
c1905,59,0,4
c1906,11,7,3
c1907,15,1,2
c1908,3,0,2
c1909,10,0,0
c1910,23,0,5
c1911,1,0,0
c1912,45,11,1
c1913,6,0,2
c1914,6,0,3
c1915,17,2,0
c1916,22,8,4
c1917,0,0,7
c1918,12,8,2
c1919,0,0,3
c1920,4,0,2
c1921,16,2,3
c1922,0,0,5
c1923,9,8,4
c1924,19,0,2
c1925,19,0,1
c1926,43,11,0
c1927,12,2,6
c1928,0,0,2
c1929,30,2,2
c1930,9,2,0
c1931,0,2,2
c1932,26,0,13
c1933,4,0,2
c1934,13,0,3
c1935,8,0,1
c1936,28,2,6
c1937,10,3,15
c1938,24,2,4
c1939,0,0,4
c1940,0,0,1
c1941,10,0,0
c1942,15,0,3
c1943,17,2,1
c1944,6,2,1
c1945,8,4,1
c1946,0,2,1
c1947,19,0,4
c1948,4,0,3
c1949,0,12,10
c1950,9,3,7
c1951,0,0,4
c1952,0,0,2
c1953,9,2,3
c1954,16,3,5
c1955,11,2,1
c1956,10,0,0
c1957,15,3,2
c1958,40,2,9
c1959,15,2,3
c1960,21,0,8
c1961,21,2,5
c1962,6,0,2
c1963,10,0,4
c1964,18,4,6
c1965,11,4,3
c1966,9,0,3
c1967,0,2,6
c1968,14,0,0
c1969,29,2,4
c1970,5,2,4
c1971,0,0,0
c1972,35,0,3
c1973,0,4,5
c1974,16,2,8
c1975,0,0,4
c1976,6,2,0
c1977,12,2,3
c1978,27,0,4
c1979,32,2,2
c1980,0,3,1
c1981,15,0,15
c1982,16,4,3
c1983,0,2,0
c1984,25,2,5
c1985,17,2,1
c1986,0,0,0
c1987,23,6,5
c1988,11,6,2
c1989,0,0,7
c1990,13,2,8
c1991,15,0,1
c1992,7,0,4
c1993,7,0,0
c1994,5,0,5
c1995,41,4,10
c1996,1,0,2
c1997,8,2,1
c1998,14,0,2
c1999,16,0,4
c2000,30,0,1
c2001,0,1,2
c2002,20,2,1
c2003,19,0,0
c2004,23,4,4
c2005,20,0,1
c2006,20,0,1
c2007,13,0,3
c2008,7,0,3
c2009,15,4,2
c2010,0,2,6
c2011,14,0,5
c2012,4,0,4
c2013,7,0,3
c2014,26,2,5
c2015,5,0,5
c2016,29,2,5
c2017,37,0,4
c2018,0,0,1
c2019,12,0,4
c2020,13,2,0
c2021,40,2,9
c2022,0,0,4
c2023,8,0,2
c2024,10,2,1
c2025,10,2,5
c2026,8,0,1
c2027,11,0,1
c2028,0,4,2
c2029,34,0,6
c2030,7,4,5
c2031,21,0,5
c2032,5,0,0
c2033,11,0,1
c2034,9,0,2
c2035,6,0,4
c2036,0,0,0
c2037,52,0,3
c2038,0,0,1
c2039,29,0,3
c2040,15,0,3
c2041,13,0,4
c2042,27,4,5
c2043,10,0,10
c2044,19,0,2
c2045,18,0,5
c2046,0,0,5
c2047,12,6,0
c2048,0,0,4
c2049,7,2,2
c2050,12,2,2
c2051,0,0,6
c2052,26,0,8
c2053,21,4,3
c2054,11,0,3
c2055,16,2,5
c2056,16,2,4
c2057,18,0,2
c2058,10,8,5
c2059,14,4,6
c2060,5,2,0
c2061,8,0,2
c2062,26,4,2
c2063,11,0,4
c2064,13,0,2
c2065,28,0,1
c2066,7,0,3
c2067,24,6,3
c2068,28,0,1
c2069,16,2,8
c2070,2,0,3
c2071,30,0,3
c2072,38,8,4
c2073,23,8,3
c2074,13,0,2
c2075,16,2,5
c2076,11,6,4
c2077,10,2,3
c2078,18,2,3
c2079,16,0,3
c2080,13,2,1
c2081,0,0,0
c2082,16,4,1
c2083,28,0,7
c2084,22,0,1
c2085,12,0,5
c2086,13,0,9
c2087,23,3,7
c2088,13,6,2
c2089,19,6,0
c2090,43,2,7
c2091,15,0,8
c2092,0,0,3
c2093,6,0,0
c2094,10,8,4
c2095,0,0,0
c2096,40,4,4
c2097,10,7,1
c2098,18,4,6
c2099,13,2,0
c2100,32,2,4
c2101,60,12,9
c2102,8,0,0
c2103,11,2,0
c2104,3,0,1
c2105,26,0,4
c2106,7,0,1
c2107,0,0,3
c2108,12,2,1
c2109,21,0,3
c2110,3,0,0
c2111,15,2,2
c2112,33,0,5
c2113,0,6,3
c2114,0,0,0
c2115,10,13,3
c2116,12,0,2
c2117,7,4,0
c2118,26,4,8
c2119,16,0,5
c2120,0,0,1
c2121,19,2,1
c2122,12,0,1
c2123,8,0,3
c2124,34,2,2
c2125,16,8,5
c2126,15,0,0
c2127,32,0,7
c2128,7,0,1
c2129,22,4,1
c2130,54,0,7
c2131,5,0,1
c2132,8,4,2
c2133,5,2,1
c2134,18,0,4
c2135,7,1,2
c2136,24,4,9
c2137,12,0,3
c2138,39,4,0
c2139,11,6,3
c2140,12,0,6
c2141,29,5,7
c2142,0,0,0
c2143,0,0,2
c2144,0,0,3
c2145,10,0,1
c2146,10,4,4
c2147,124,0,2
c2148,15,2,1
c2149,6,4,1
c2150,9,2,6
c2151,0,0,3
c2152,8,2,1
c2153,14,2,4
c2154,21,7,1
c2155,15,2,1
c2156,6,2,2
c2157,9,0,1
c2158,57,2,13
c2159,11,2,1
c2160,5,0,8
c2161,0,0,0
c2162,0,0,0
c2163,20,0,3
c2164,18,0,1
c2165,44,0,3
c2166,9,2,4
c2167,21,4,2
c2168,32,0,0
c2169,21,4,4
c2170,14,0,1
c2171,6,0,1
c2172,16,0,0
c2173,16,0,4
c2174,7,0,1
c2175,13,0,4
c2176,22,0,0
c2177,10,0,2
c2178,9,0,7
c2179,0,0,1
c2180,16,2,4
c2181,24,7,3
c2182,19,0,0
c2183,47,2,0
c2184,11,2,1
c2185,11,0,0
c2186,8,0,4
c2187,13,8,5
c2188,8,2,3
c2189,27,5,6
c2190,27,2,1
c2191,4,0,2
c2192,0,0,2
c2193,19,0,4
c2194,10,0,2
c2195,69,0,4
c2196,25,2,4
c2197,11,0,2
c2198,0,4,5
c2199,11,0,1
c2200,12,0,2
c2201,7,0,1
c2202,13,2,0
c2203,13,0,1
c2204,6,2,3
c2205,10,0,0
c2206,49,7,4
c2207,13,2,2
c2208,5,0,0
c2209,16,0,3
c2210,7,0,0
c2211,10,4,5
c2212,14,0,3
c2213,9,0,0
c2214,19,0,1
c2215,14,3,0
c2216,29,4,0
c2217,8,6,0
c2218,12,0,8
c2219,0,2,2
c2220,6,4,1
c2221,0,2,5
c2222,13,0,1
c2223,12,0,0
c2224,0,4,5
c2225,5,2,0
c2226,7,4,4
c2227,13,2,0
c2228,26,0,1
c2229,25,2,4
c2230,0,5,2
c2231,16,0,4
c2232,15,0,5
c2233,7,10,0
c2234,0,1,1
c2235,10,0,7
c2236,11,2,0
c2237,10,0,5
c2238,27,2,7
c2239,18,0,6
c2240,0,6,6
c2241,21,4,5
c2242,5,0,2
c2243,32,8,6
c2244,12,0,1
c2245,9,0,3
c2246,26,0,5
c2247,15,6,0
c2248,24,2,9
c2249,8,2,1
c2250,47,2,2
c2251,32,5,2
c2252,43,0,2
c2253,9,0,1
c2254,21,2,4
c2255,12,4,2
c2256,68,12,14
c2257,42,0,2
c2258,12,0,1
c2259,16,4,0
c2260,26,0,6
c2261,9,0,2
c2262,0,0,0
c2263,16,0,0
c2264,27,2,6
c2265,8,0,4
c2266,9,0,4
c2267,11,0,0
c2268,0,0,3
c2269,15,0,4
c2270,11,2,1
c2271,8,2,2
c2272,11,6,2
c2273,0,0,6
c2274,12,0,2
c2275,12,0,5
c2276,0,4,4
c2277,16,2,2
c2278,15,2,2
c2279,17,2,9
c2280,0,0,0
c2281,7,4,0
c2282,14,8,3
c2283,78,13,23
c2284,7,0,0
c2285,15,0,1
c2286,14,3,2
c2287,11,4,1
c2288,14,0,6
c2289,23,4,2
c2290,10,0,0
c2291,1,0,4
c2292,11,0,0
c2293,24,10,1
c2294,0,0,3
c2295,17,0,2
c2296,26,2,4
c2297,0,2,0
c2298,11,10,1
c2299,17,0,7
c2300,17,0,1
c2301,11,0,3
c2302,4,0,2
c2303,8,0,1
c2304,13,4,0
c2305,0,18,5
c2306,16,2,1
c2307,19,0,1
c2308,8,0,2
c2309,27,5,5
c2310,13,0,3
c2311,11,2,3
c2312,47,0,4
c2313,21,2,0
c2314,20,0,4
c2315,13,2,7
c2316,0,2,0
c2317,11,7,5
c2318,9,0,18
c2319,16,0,3
c2320,10,0,4
c2321,19,0,5
c2322,30,0,4
c2323,10,0,6
c2324,57,2,10
c2325,14,0,4
c2326,11,2,1
c2327,35,16,5
c2328,18,0,4
c2329,0,0,3
c2330,18,8,6
c2331,0,17,5
c2332,0,4,2
c2333,20,4,3
c2334,12,0,2
c2335,4,0,0
c2336,31,0,1
c2337,0,1,3
c2338,0,0,2
c2339,9,0,1
c2340,37,4,11
c2341,14,0,2
c2342,14,6,3
c2343,0,2,2
c2344,8,2,2
c2345,9,2,2
c2346,13,0,0
c2347,0,0,0
c2348,0,2,3
c2349,6,0,3
c2350,0,7,7
c2351,0,2,1
c2352,15,1,1
c2353,13,0,2
c2354,0,0,4
c2355,23,0,4
c2356,11,2,2
c2357,26,0,4
c2358,24,1,2
c2359,22,0,2
c2360,19,0,5
c2361,7,0,3
c2362,16,0,2
c2363,13,0,1
c2364,23,2,5
c2365,0,2,1
c2366,13,0,1
c2367,0,4,5
c2368,0,0,4
c2369,0,0,2
c2370,33,0,9
c2371,0,2,3
c2372,12,0,2
c2373,9,0,1
c2374,12,4,1
c2375,35,4,7
c2376,0,0,0
c2377,23,0,3
c2378,15,0,4
c2379,20,2,3
c2380,9,0,2
c2381,11,2,5
c2382,36,0,1
c2383,11,0,2
c2384,16,0,0
c2385,4,0,2
c2386,16,2,3
c2387,0,0,0
c2388,24,12,4
c2389,8,2,5
c2390,26,2,2
c2391,0,2,5
c2392,27,2,0
c2393,27,6,9
c2394,12,0,5
c2395,0,0,2
c2396,16,2,3
c2397,0,0,1
c2398,6,0,2
c2399,18,0,2
c2400,17,0,2
c2401,10,2,3
c2402,28,0,1
c2403,10,2,3
c2404,15,9,2
c2405,0,0,6
c2406,0,0,1
c2407,34,2,4
c2408,12,0,0
c2409,32,5,5
c2410,8,2,1
c2411,12,0,1
c2412,8,0,0
c2413,8,0,0
c2414,0,0,2
c2415,16,0,4
c2416,17,4,1
c2417,9,0,5
c2418,14,0,3
c2419,41,2,4
c2420,15,4,8
c2421,0,4,2
c2422,3,0,2
c2423,35,0,5
c2424,17,0,1
c2425,31,2,2
c2426,6,6,4
c2427,16,0,5
c2428,23,0,4
c2429,26,0,0
c2430,17,4,2
c2431,17,0,6
c2432,12,0,6
c2433,16,2,0
c2434,6,0,7
c2435,0,0,4
c2436,11,0,4
c2437,9,0,1
c2438,22,14,2
c2439,0,0,0
c2440,15,3,3
c2441,6,0,2
c2442,7,0,0
c2443,15,0,0
c2444,13,0,3
c2445,29,0,4
c2446,33,0,0
c2447,18,2,2
c2448,57,2,5
c2449,10,0,2
c2450,0,4,2
c2451,0,8,3
c2452,35,2,10
c2453,10,4,1
c2454,4,0,1
c2455,0,0,0
c2456,0,0,2
c2457,0,2,0
c2458,3,8,2
c2459,10,2,2
c2460,11,0,1
c2461,12,8,1
c2462,0,6,4
c2463,12,0,3
c2464,0,2,1
c2465,27,2,9
c2466,14,2,0
c2467,15,4,3
c2468,23,4,3
c2469,0,2,0
c2470,12,0,3
c2471,29,0,2
c2472,17,0,0
c2473,13,6,5
c2474,45,2,12
c2475,11,0,1
c2476,27,0,1
c2477,4,0,1
c2478,17,0,6
c2479,8,6,0
c2480,15,0,3
c2481,10,0,1
c2482,25,0,5
c2483,13,0,2
c2484,10,4,2
c2485,0,0,1
c2486,0,0,0
c2487,23,6,3
c2488,16,0,2
c2489,8,8,3
c2490,19,4,5
c2491,39,0,1
c2492,21,2,2
c2493,0,2,3
c2494,0,2,4
c2495,6,0,2
c2496,42,0,4
c2497,28,0,3
c2498,9,0,3
c2499,19,0,3
c2500,15,8,1
c2501,25,0,5
c2502,41,0,2
c2503,14,2,1
c2504,15,0,8
c2505,21,3,0
c2506,22,0,16
c2507,13,0,4
c2508,16,0,4
c2509,13,0,1
c2510,20,0,6
c2511,0,2,5
c2512,9,2,2
c2513,8,0,0
c2514,4,0,2
c2515,18,0,8
c2516,59,0,7
c2517,39,0,10
c2518,0,4,2
c2519,10,0,1
c2520,0,14,0
c2521,0,14,1
c2522,35,0,11
c2523,5,0,0
c2524,8,0,4
c2525,8,6,2
c2526,0,0,4
c2527,0,0,2
c2528,0,0,2
c2529,22,2,3
c2530,0,4,8
c2531,20,0,4
c2532,19,2,5
c2533,39,0,7
c2534,11,2,0
c2535,17,2,2
c2536,0,0,0
c2537,14,0,0
c2538,15,2,0
c2539,30,0,1
c2540,13,0,3
c2541,0,0,2
c2542,30,6,7
c2543,5,0,2
c2544,0,2,10
c2545,18,8,3
c2546,15,0,1
c2547,7,0,2
c2548,22,4,5
c2549,11,8,1
c2550,42,0,2
c2551,4,2,4
c2552,38,2,0
c2553,0,2,2
c2554,19,0,2
c2555,15,0,3
c2556,31,2,4
c2557,0,0,0
c2558,0,2,1
c2559,18,0,5
c2560,25,0,2
c2561,23,12,4
c2562,29,2,3
c2563,0,0,0
c2564,8,0,3
c2565,11,0,2
c2566,19,0,3
c2567,0,2,1
c2568,0,2,0
c2569,25,0,2
c2570,0,2,2
c2571,0,0,2
c2572,14,0,0
c2573,0,2,0
c2574,46,3,3
c2575,0,0,4
c2576,7,2,3
c2577,0,2,2
c2578,17,0,10
c2579,13,0,1
c2580,6,0,4
c2581,0,0,3
c2582,14,0,2
c2583,0,4,4
c2584,19,0,1
c2585,41,0,9
c2586,22,2,9
c2587,26,0,9
c2588,0,0,0
c2589,13,0,0
c2590,22,0,7
c2591,0,0,2
c2592,16,5,2
c2593,10,0,6
c2594,19,0,6
c2595,2,4,3
c2596,13,2,4
c2597,0,0,2
c2598,29,2,3
c2599,13,0,0
c2600,0,2,3
c2601,14,0,7
c2602,6,0,2
c2603,10,0,2
c2604,13,0,1
c2605,13,0,2
c2606,11,0,3
c2607,23,0,1
c2608,12,0,1
c2609,7,0,1
c2610,3,0,3
c2611,13,4,4
c2612,16,0,4
c2613,13,2,1
c2614,27,2,5
c2615,0,0,5
c2616,10,0,4
c2617,0,0,2
c2618,16,0,2
c2619,20,4,3
c2620,10,4,5
c2621,10,0,3
c2622,31,4,3
c2623,5,0,3
c2624,21,2,3
c2625,15,4,1
c2626,12,0,1
c2627,33,0,7
c2628,15,2,2
c2629,12,0,3
c2630,6,0,2
c2631,13,0,3
c2632,9,0,1
c2633,23,0,3
c2634,0,0,4
c2635,44,0,5
c2636,18,0,0
c2637,10,2,1
c2638,0,2,8
c2639,12,5,1
c2640,0,0,6
c2641,32,6,4
c2642,47,2,5
c2643,7,0,1
c2644,19,2,2
c2645,6,2,7
c2646,21,2,4
c2647,13,4,2
c2648,15,2,4
c2649,0,0,3
c2650,7,0,0
c2651,13,0,4
c2652,28,4,2
c2653,0,0,2
c2654,0,4,7
c2655,28,2,13
c2656,25,2,5
c2657,13,0,2
c2658,57,0,3
c2659,15,0,3
c2660,63,0,10
c2661,0,0,2
c2662,36,2,5
c2663,0,0,0
c2664,0,0,0
c2665,10,0,2
c2666,0,0,0
c2667,10,0,3
c2668,19,0,4
c2669,36,1,0
c2670,6,2,2
c2671,13,0,2
c2672,8,0,3
c2673,0,0,5
c2674,18,0,6
c2675,14,2,1
c2676,13,2,4
c2677,26,0,3
c2678,10,0,5
c2679,13,2,0
c2680,0,5,2
c2681,0,0,0
c2682,17,2,1
c2683,7,6,3
c2684,20,0,0
c2685,2,0,0
c2686,6,0,2
c2687,15,0,1
c2688,21,0,3
c2689,11,0,0
c2690,7,0,3
c2691,6,0,2
c2692,6,0,6
c2693,11,2,3
c2694,10,2,1
c2695,0,0,0
c2696,22,0,7
c2697,8,6,1
c2698,16,2,2
c2699,0,0,0
c2700,20,0,3
c2701,34,0,7
c2702,0,0,3
c2703,13,2,4
c2704,0,2,2
c2705,0,0,1
c2706,14,2,1
c2707,0,0,4
c2708,11,0,1
c2709,0,2,7
c2710,16,2,3
c2711,11,0,2
c2712,8,2,2
c2713,14,0,1
c2714,28,8,8
c2715,7,2,3
c2716,45,2,3
c2717,0,0,0
c2718,13,0,2
c2719,14,0,5
c2720,18,0,3
c2721,0,2,5
c2722,0,6,8
c2723,12,0,1
c2724,38,0,1
c2725,11,0,0
c2726,12,0,6
c2727,13,0,5
c2728,31,0,4
c2729,13,0,2
c2730,18,0,2
c2731,10,0,1
c2732,0,6,2
c2733,21,0,5
c2734,16,0,2
c2735,43,0,8
c2736,15,2,4
c2737,13,0,3
c2738,10,0,1
c2739,13,0,1
c2740,18,8,4
c2741,11,0,0
c2742,33,0,4
c2743,60,12,14
c2744,0,2,3
c2745,10,0,1
c2746,10,6,2
c2747,0,2,2
c2748,14,6,1
c2749,6,0,3
c2750,17,4,4
c2751,7,0,4
c2752,0,2,3
c2753,15,2,6
c2754,18,2,4
c2755,31,4,2
c2756,14,0,4
c2757,25,2,2
c2758,17,0,3
c2759,0,0,0
c2760,0,0,0
c2761,12,0,3
c2762,8,2,3
c2763,0,0,1
c2764,7,1,4
c2765,10,0,2
c2766,46,0,14
c2767,12,0,0
c2768,24,0,0
c2769,14,0,2
c2770,18,2,1
c2771,25,0,4
c2772,10,0,5
c2773,27,0,4
c2774,18,2,1
c2775,17,5,4
c2776,9,2,2
c2777,36,6,3
c2778,12,0,1
c2779,10,2,3
c2780,0,2,1
c2781,17,2,0
c2782,22,4,2
c2783,11,0,6
c2784,0,0,0
c2785,17,2,2
c2786,0,0,2
c2787,29,2,6
c2788,5,0,2
c2789,6,0,3
c2790,18,0,4
c2791,17,0,4
c2792,19,0,6
c2793,14,0,3
c2794,17,0,1
c2795,16,4,4
c2796,10,0,8
c2797,6,2,5
c2798,0,0,1
c2799,0,2,5
c2800,25,0,4
c2801,9,0,3
c2802,23,2,3
c2803,39,0,11
c2804,10,0,3
c2805,40,20,3
c2806,17,0,5
c2807,9,0,2
c2808,6,0,4
c2809,27,2,5
c2810,20,2,0
c2811,14,0,2
c2812,0,0,13
c2813,16,0,5
c2814,6,0,3
c2815,32,2,3
c2816,43,12,5
c2817,19,2,3
c2818,8,0,2
c2819,34,0,1
c2820,65,0,0
c2821,0,2,5
c2822,18,0,5
c2823,0,0,1
c2824,16,0,3
c2825,14,4,1
c2826,11,2,10
c2827,17,0,1
c2828,8,0,2
c2829,2,0,2
c2830,0,0,1
c2831,26,0,5
c2832,31,0,2
c2833,39,2,6
c2834,25,0,2
c2835,52,0,1
c2836,11,4,3
c2837,9,4,2
c2838,12,2,2
c2839,0,0,3
c2840,22,0,3
c2841,13,0,5
c2842,0,0,2
c2843,30,0,3
c2844,3,1,3
c2845,0,0,0
c2846,22,0,2
c2847,16,0,3
c2848,18,4,1
c2849,14,2,4
c2850,0,0,1
c2851,0,0,5
c2852,29,15,5
c2853,3,1,5
c2854,21,0,3
c2855,31,0,1
c2856,3,0,3
c2857,16,0,2
c2858,27,5,3
c2859,18,2,4
c2860,39,14,3
c2861,0,2,2
c2862,0,3,2
c2863,0,2,2
c2864,2,1,5
c2865,12,0,6
c2866,46,10,15
c2867,0,2,4
c2868,8,0,0
c2869,22,2,3
c2870,13,3,2
c2871,15,2,11
c2872,0,6,3
c2873,19,1,3
c2874,13,0,4
c2875,15,0,1
c2876,12,3,5
c2877,0,0,2
c2878,0,8,6
c2879,45,0,12
c2880,0,0,0
c2881,13,0,4
c2882,31,2,9
c2883,21,0,2
c2884,16,2,3
c2885,13,0,1
c2886,21,8,2
c2887,0,0,1
c2888,25,0,1
c2889,20,2,2
c2890,10,0,5
c2891,19,6,1
c2892,15,0,3
c2893,0,0,1
c2894,9,2,2
c2895,13,0,1
c2896,33,0,6
c2897,47,2,10
c2898,6,2,0
c2899,30,2,8
c2900,15,1,0
c2901,16,2,7
c2902,33,2,9
c2903,13,0,2
c2904,22,2,8
c2905,17,0,1
c2906,22,2,2
c2907,16,0,0
c2908,37,0,3
c2909,0,4,4
c2910,32,3,2
c2911,6,0,2
c2912,6,6,3
c2913,11,2,2
c2914,0,0,3
c2915,40,4,11
c2916,8,1,2
c2917,7,0,0
c2918,5,2,2
c2919,12,0,3
c2920,11,2,0
c2921,15,0,2
c2922,26,4,1
c2923,10,0,7
c2924,6,2,3
c2925,7,0,0
c2926,27,0,1
c2927,8,2,2
c2928,13,2,0
c2929,15,0,1
c2930,16,1,4
c2931,15,0,2
c2932,10,0,1
c2933,13,4,0
c2934,10,0,2
c2935,9,0,2
c2936,29,0,0
c2937,18,2,9
c2938,12,0,2
c2939,7,2,4
c2940,9,2,2
c2941,21,0,1
c2942,27,0,5
c2943,17,0,1
c2944,19,4,3
c2945,25,3,4
c2946,24,0,3
c2947,19,2,4
c2948,0,0,1
c2949,18,0,1
c2950,12,0,2
c2951,43,2,5
c2952,16,0,4
c2953,10,0,0
c2954,16,0,0
c2955,0,0,0
c2956,10,0,6
c2957,31,0,3
c2958,3,2,0
c2959,36,0,5
c2960,13,0,2
c2961,3,0,5
c2962,13,4,2
c2963,12,0,0
c2964,12,6,6
c2965,25,0,3
c2966,12,0,0
c2967,38,0,11
c2968,8,0,3
c2969,18,0,0
c2970,0,0,0
c2971,17,0,0
c2972,18,2,5
c2973,53,2,4
c2974,10,2,1
c2975,20,0,10
c2976,23,4,11
c2977,42,7,2
c2978,35,0,11
c2979,34,10,5
c2980,11,0,2
c2981,0,0,0
c2982,17,3,0
c2983,9,4,3
c2984,23,4,14
c2985,55,0,4
c2986,0,10,5
c2987,24,0,3
c2988,0,0,0
c2989,20,0,1
c2990,0,0,0
c2991,20,6,1
c2992,0,0,5
c2993,0,0,0
c2994,17,0,1
c2995,6,6,1
c2996,7,2,3
c2997,0,0,6
c2998,14,0,3
c2999,22,6,2
c3000,11,0,0
c3001,18,0,3
c3002,8,8,0
c3003,13,2,1
c3004,9,2,3
c3005,8,2,2
c3006,13,0,1
c3007,46,0,6
c3008,11,8,6
c3009,9,10,2
c3010,35,0,6
c3011,0,0,5
c3012,0,0,0
c3013,17,0,2
c3014,13,0,1
c3015,38,19,7
c3016,16,0,8
c3017,0,2,2
c3018,10,4,3
c3019,0,3,0
c3020,16,7,10
c3021,0,2,2
c3022,0,4,1
c3023,0,0,2
c3024,4,2,1
c3025,0,0,0
c3026,7,4,4
c3027,36,2,2
c3028,12,0,5
c3029,0,0,0
c3030,7,0,2
c3031,12,4,0
c3032,19,2,1
c3033,46,6,10
c3034,4,0,3
c3035,0,0,1
c3036,3,0,5
c3037,52,0,2
c3038,15,0,5
c3039,10,0,5
c3040,7,1,4
c3041,21,0,2
c3042,8,2,1
c3043,2,0,3
c3044,17,0,4
c3045,23,2,3
c3046,26,2,3
c3047,29,0,5
c3048,0,0,1
c3049,10,1,2
c3050,0,0,8
c3051,7,0,0
c3052,15,2,4
c3053,5,0,2
c3054,7,0,2
c3055,0,2,1
c3056,15,0,2
c3057,0,2,3
c3058,0,6,4
c3059,12,2,2
c3060,15,4,3
c3061,13,2,6
c3062,0,0,1
c3063,0,0,2
c3064,30,2,2
c3065,13,0,3
c3066,0,4,4
c3067,6,0,1
c3068,10,0,5
c3069,15,0,2
c3070,12,0,0
c3071,46,15,3
c3072,21,0,2
c3073,0,4,2
c3074,19,14,11
c3075,14,0,0
c3076,0,0,0
c3077,25,4,6
c3078,19,2,0
c3079,6,0,2
c3080,0,0,1
c3081,18,0,2
c3082,5,0,1
c3083,6,13,2
c3084,0,10,7
c3085,12,4,3
c3086,9,0,2
c3087,15,0,6
c3088,21,2,6
c3089,32,0,7
c3090,13,0,2
c3091,29,1,4
c3092,17,4,9
c3093,3,2,5
c3094,30,4,2
c3095,0,4,0
c3096,13,2,4
c3097,13,4,3
c3098,19,0,4
c3099,23,4,3
c3100,6,0,0
c3101,32,2,1
c3102,13,0,1
c3103,3,2,1
c3104,12,0,1
c3105,25,0,4
c3106,36,0,1
c3107,0,0,2
c3108,15,2,6
c3109,62,3,11
c3110,0,0,4
c3111,10,0,5
c3112,0,0,1
c3113,27,2,0
c3114,5,2,1
c3115,5,0,2
c3116,0,4,1
c3117,0,4,10
c3118,9,0,0
c3119,4,4,1
c3120,17,0,1
c3121,25,10,2
c3122,4,4,2
c3123,0,0,5
c3124,61,2,4
c3125,10,0,6
c3126,7,0,5
c3127,13,0,2
c3128,0,4,3
c3129,12,0,6
c3130,26,6,4
c3131,21,2,3
c3132,22,0,7
c3133,15,0,6
c3134,15,0,4
c3135,16,4,0
c3136,0,0,0
c3137,9,0,2
c3138,16,2,1
c3139,0,0,10
c3140,15,0,2
c3141,46,2,10
c3142,0,0,1
c3143,0,0,1
c3144,0,0,4
c3145,14,9,5
c3146,12,2,1
c3147,12,0,2
c3148,0,2,4
c3149,30,0,12
c3150,15,2,1
c3151,17,0,6
c3152,15,2,1
c3153,6,0,2
c3154,9,0,0
c3155,0,11,4
c3156,0,2,4
c3157,28,0,8
c3158,21,4,1
c3159,0,6,5
c3160,0,0,2
c3161,49,2,7
c3162,3,5,1
c3163,0,0,2
c3164,23,0,4
c3165,30,4,3
c3166,13,2,4
c3167,19,2,3
c3168,15,2,1
c3169,38,2,6
c3170,0,0,4
c3171,31,0,6
c3172,0,0,3
c3173,16,2,1
c3174,0,0,4
c3175,0,0,1
c3176,15,0,1
c3177,19,4,3
c3178,0,6,1
c3179,6,0,1
c3180,3,0,0
c3181,0,6,1
c3182,44,2,3
c3183,37,0,0
c3184,16,2,1
c3185,14,0,1
c3186,12,0,6
c3187,8,2,1
c3188,33,2,10
c3189,0,0,1
c3190,17,0,1
c3191,7,2,0
c3192,0,0,5
c3193,47,4,4
c3194,14,0,0
c3195,12,0,2
c3196,12,0,1
c3197,15,2,2
c3198,13,6,0
c3199,0,0,3
c3200,40,0,3
c3201,20,0,3
c3202,65,2,4
c3203,6,2,3
c3204,32,2,3
c3205,21,0,5
c3206,10,2,3
c3207,27,0,1
c3208,31,0,2
c3209,16,0,3
c3210,22,1,1
c3211,4,2,4
c3212,5,0,1
c3213,11,0,2
c3214,7,3,3
c3215,20,0,3
c3216,14,0,2
c3217,12,0,4
c3218,11,1,3
c3219,28,2,4
c3220,14,0,0
c3221,0,4,6
c3222,6,0,1
c3223,2,0,2
c3224,9,0,0
c3225,5,2,5
c3226,3,0,3
c3227,0,7,2
c3228,14,0,3
c3229,23,1,2
c3230,0,0,0
c3231,0,5,0
c3232,12,2,0
c3233,9,2,3
c3234,4,2,2
c3235,20,0,3
c3236,12,2,1
c3237,0,0,4
c3238,15,2,3
c3239,11,1,3
c3240,4,0,3
c3241,10,2,0
c3242,18,0,1
c3243,15,0,3
c3244,0,0,2
c3245,54,2,4
c3246,19,0,3
c3247,21,2,1
c3248,11,4,2
c3249,24,0,1
c3250,0,0,2
c3251,0,0,1
c3252,14,6,2
c3253,19,0,2
c3254,9,6,0
c3255,13,0,1
c3256,5,0,0
c3257,6,6,2
c3258,25,0,8
c3259,11,0,2
c3260,13,0,0
c3261,0,2,4
c3262,0,0,1
c3263,0,0,3
c3264,0,0,0
c3265,14,4,6
c3266,9,2,2
c3267,11,0,4
c3268,13,0,2
c3269,21,0,2
c3270,33,0,5
c3271,102,8,5
c3272,24,0,1
c3273,32,2,4
c3274,21,2,4
c3275,0,0,0
c3276,14,2,5
c3277,28,0,3
c3278,22,0,2
c3279,19,4,0
c3280,0,2,4
c3281,13,0,4
c3282,13,0,3
c3283,31,0,2
c3284,16,0,2
c3285,27,0,0
c3286,0,3,1
c3287,18,0,1
c3288,13,2,3
c3289,23,2,1
c3290,17,2,2
c3291,10,0,0
c3292,8,0,0
c3293,0,0,2
c3294,0,2,1
c3295,14,0,15
c3296,47,0,9
c3297,10,0,1
c3298,18,12,8
c3299,7,0,5
c3300,8,2,1
c3301,17,0,7
c3302,15,2,4
c3303,7,0,2
c3304,24,0,4
c3305,25,0,2
c3306,9,4,5
c3307,30,2,4
c3308,29,0,6
c3309,13,0,2
c3310,0,0,1
c3311,9,0,3
c3312,0,0,1
c3313,0,0,5
c3314,9,2,0
c3315,8,2,4
c3316,8,0,6
c3317,30,2,2
c3318,0,0,2
c3319,6,2,1
c3320,33,0,8
c3321,21,2,3
c3322,15,4,3
c3323,19,2,3
c3324,9,4,5
c3325,27,0,2
c3326,37,2,5
c3327,0,2,2
c3328,11,0,5
c3329,0,0,3
c3330,22,0,15
c3331,18,10,2
c3332,13,16,2
c3333,9,0,4
c3334,0,6,4
c3335,12,2,0
c3336,3,2,2
c3337,5,0,3
c3338,18,4,7
c3339,16,2,1
c3340,2,2,3
c3341,0,0,0
c3342,0,0,0
c3343,12,2,2
c3344,0,0,3
c3345,36,0,1
c3346,8,4,2
c3347,19,14,1
c3348,14,2,2
c3349,36,4,1
c3350,0,0,1
c3351,0,2,5
c3352,13,0,4
c3353,29,6,4
c3354,15,2,4
c3355,30,2,3
c3356,0,0,0
c3357,19,0,2
c3358,10,0,0
c3359,0,4,4
c3360,11,2,1
c3361,10,2,7
c3362,16,0,1
c3363,10,0,2
c3364,31,2,3
c3365,36,0,5
c3366,3,6,1
c3367,0,2,1
c3368,44,2,5
c3369,27,0,2
c3370,24,0,2
c3371,19,2,13
c3372,13,2,1
c3373,0,0,4
c3374,35,2,5
c3375,15,0,1
c3376,2,0,4
c3377,14,0,8
c3378,14,0,3
c3379,20,4,2
c3380,0,9,7
c3381,12,2,5
c3382,6,0,1
c3383,17,2,5
c3384,15,0,6
c3385,12,0,4
c3386,0,0,2
c3387,3,6,9
c3388,0,0,8
c3389,19,4,4
c3390,13,4,1
c3391,11,4,3
c3392,7,2,2
c3393,40,0,5
c3394,0,0,2
c3395,6,0,4
c3396,10,0,2
c3397,16,2,5
c3398,11,0,3
c3399,41,6,3
c3400,15,0,0
c3401,11,0,3
c3402,14,2,2
c3403,6,2,2
c3404,19,0,4
c3405,50,4,5
c3406,12,4,2
c3407,22,0,2
c3408,10,2,4
c3409,15,0,1
c3410,17,1,4
c3411,32,4,2
c3412,0,0,3
c3413,12,4,4
c3414,36,0,2
c3415,25,3,6
c3416,48,2,6
c3417,27,0,2
c3418,28,4,2
c3419,15,2,0
c3420,0,2,2
c3421,9,2,1
c3422,3,0,2
c3423,0,0,0
c3424,19,0,3
c3425,4,0,5
c3426,9,3,0
c3427,42,0,12
c3428,25,0,2
c3429,0,0,0
c3430,24,2,6
c3431,0,0,1
c3432,10,0,3
c3433,0,0,1
c3434,10,4,0
c3435,10,0,2
c3436,2,0,6
c3437,14,11,2
c3438,17,2,2
c3439,8,0,1
c3440,27,0,4
c3441,13,0,2
c3442,24,2,9
c3443,21,0,6
c3444,43,5,4
c3445,18,1,2
c3446,15,3,2
c3447,6,6,3
c3448,11,0,2
c3449,14,3,2
c3450,10,8,3
c3451,5,4,1
c3452,8,0,0
c3453,16,0,4
c3454,14,0,1
c3455,0,8,1
c3456,15,0,0
c3457,10,2,2
c3458,10,4,4
c3459,14,0,3
c3460,0,0,0
c3461,0,0,2
c3462,1,0,4
c3463,23,0,0
c3464,0,0,4
c3465,12,0,3
c3466,14,0,3
c3467,28,0,4
c3468,15,0,2
c3469,17,0,3
c3470,5,0,1
c3471,17,0,3
c3472,9,0,4
c3473,52,2,12
c3474,16,0,1
c3475,46,4,3
c3476,21,0,3
c3477,56,9,6
c3478,0,0,5
c3479,14,0,1
c3480,55,4,3
c3481,26,6,0
c3482,0,0,1
c3483,29,0,10
c3484,14,0,5
c3485,13,0,0
c3486,7,2,1
c3487,16,11,0
c3488,0,0,3
c3489,24,3,5
c3490,7,2,3
c3491,12,4,0
c3492,21,4,7
c3493,27,3,7
c3494,13,4,2
c3495,9,0,2
c3496,29,4,6
c3497,13,0,2
c3498,7,0,2
c3499,0,0,1
c3500,14,0,5
c3501,15,0,8
c3502,6,0,4
c3503,8,4,4
c3504,7,2,1
c3505,11,2,1
c3506,0,2,1
c3507,14,2,0
c3508,0,0,1
c3509,0,0,2
c3510,34,0,1
c3511,12,6,1
c3512,19,0,6
c3513,10,0,1
c3514,14,2,3
c3515,4,2,0
c3516,12,6,1
c3517,0,2,0
c3518,0,0,2
c3519,5,0,6
c3520,9,2,0
c3521,0,2,1
c3522,0,0,4
c3523,23,0,1
c3524,0,2,2
c3525,29,0,4
c3526,18,4,4
c3527,12,0,0
c3528,22,2,7
c3529,7,4,5
c3530,0,2,4
c3531,25,0,6
c3532,17,0,1
c3533,5,2,1
c3534,36,0,1
c3535,7,0,0
c3536,52,10,8
c3537,17,0,1
c3538,8,0,3
c3539,0,2,3
c3540,6,0,5
c3541,15,0,3
c3542,46,2,5
c3543,27,0,1
c3544,18,0,4
c3545,0,2,5
c3546,19,0,1
c3547,0,0,2
c3548,0,0,2
c3549,0,2,0
c3550,21,2,4
c3551,19,4,6
c3552,21,2,3
c3553,0,2,0
c3554,35,6,6
c3555,12,0,1
c3556,33,2,8
c3557,8,0,1
c3558,17,0,3
c3559,13,0,3
c3560,4,0,7
c3561,15,0,1
c3562,30,0,0
c3563,17,0,4
c3564,8,0,1
c3565,16,0,2
c3566,0,0,4
c3567,8,2,3
c3568,16,0,2
c3569,33,3,4
c3570,42,0,4
c3571,14,0,0
c3572,24,2,4
c3573,11,0,3
c3574,5,0,4
c3575,17,2,3
c3576,13,0,2
c3577,12,0,2
c3578,10,0,5
c3579,5,3,5
c3580,9,2,7
c3581,25,0,3
c3582,12,2,2
c3583,10,0,0
c3584,19,6,0
c3585,13,0,1
c3586,30,10,6
c3587,13,2,3
c3588,3,2,0
c3589,20,0,4
c3590,35,2,2
c3591,0,2,3
c3592,16,0,0
c3593,4,2,3
c3594,23,0,2
c3595,30,0,10
c3596,0,10,7
c3597,18,2,0
c3598,21,6,2
c3599,26,0,1
c3600,19,0,2
c3601,0,2,0
c3602,33,0,9
c3603,22,4,3
c3604,28,8,8
c3605,7,2,4
c3606,8,2,7
c3607,22,4,0
c3608,5,0,2
c3609,0,2,0
c3610,0,0,0
c3611,19,5,2
c3612,12,5,1
c3613,10,0,4
c3614,18,0,4
c3615,10,0,1
c3616,8,2,1
c3617,38,4,4
c3618,39,0,0
c3619,8,0,1
c3620,14,0,2
c3621,0,0,7
c3622,8,0,0
c3623,2,2,0
c3624,8,4,1
c3625,17,0,1
c3626,32,4,3
c3627,0,0,1
c3628,0,8,4
c3629,30,4,5
c3630,10,2,2
c3631,0,0,1
c3632,17,0,2
c3633,16,0,5
c3634,11,2,0
c3635,6,2,2
c3636,9,0,1
c3637,13,2,4
c3638,8,0,2
c3639,6,2,8
c3640,8,5,3
c3641,9,4,2
c3642,49,3,4
c3643,0,2,6
c3644,3,0,1
c3645,7,0,3
c3646,23,2,0
c3647,27,4,7
c3648,17,3,4
c3649,0,2,3
c3650,0,2,6
c3651,12,6,11
c3652,16,6,0
c3653,14,0,3
c3654,10,2,0
c3655,0,0,0
c3656,15,2,3
c3657,4,6,6
c3658,20,4,2
c3659,11,0,4
c3660,19,1,2
c3661,0,0,1
c3662,0,2,1
c3663,0,0,1
c3664,16,0,3
c3665,7,2,2
c3666,7,0,3
c3667,39,0,2
c3668,26,0,4
c3669,0,0,1
c3670,0,0,3
c3671,22,0,5
c3672,42,6,8
c3673,16,0,1
c3674,7,0,7
c3675,5,0,1
c3676,0,0,0
c3677,26,3,0
c3678,8,0,2
c3679,0,0,3
c3680,21,8,0
c3681,0,4,2
c3682,11,2,2
c3683,82,2,7
c3684,6,0,2
c3685,31,0,7
c3686,13,4,2
c3687,7,4,2
c3688,0,0,1
c3689,14,0,4
c3690,18,0,1
c3691,0,0,8
c3692,45,2,6
c3693,13,5,2
c3694,9,2,3
c3695,12,4,7
c3696,15,0,4
c3697,0,0,2
c3698,31,0,5
c3699,10,0,1
c3700,18,0,3
c3701,7,6,2
c3702,43,6,4
c3703,30,0,6
c3704,5,4,1
c3705,0,2,6
c3706,0,0,3
c3707,17,6,1
c3708,0,0,0
c3709,8,0,2
c3710,7,0,2
c3711,15,4,3
c3712,35,9,6
c3713,13,8,0
c3714,14,0,3
c3715,13,5,2
c3716,48,2,0
c3717,4,0,0
c3718,17,2,2
c3719,0,2,7
c3720,0,0,0
c3721,13,0,3
c3722,34,2,0
c3723,24,2,3
c3724,22,0,1
c3725,0,0,0
c3726,36,2,5
c3727,15,6,10
c3728,11,0,3
c3729,12,0,0
c3730,5,0,0
c3731,10,3,2
c3732,7,0,3
c3733,20,0,3
c3734,0,0,2
c3735,9,0,1
c3736,17,2,0
c3737,0,2,5
c3738,5,2,1
c3739,42,0,4
c3740,0,0,3
c3741,0,2,7
c3742,32,0,2
c3743,0,0,1
c3744,19,0,8
c3745,28,2,3
c3746,10,0,5
c3747,21,2,7
c3748,9,2,0
c3749,10,0,1
c3750,0,0,3
c3751,38,2,2
c3752,0,7,8
c3753,2,2,0
c3754,17,8,2
c3755,5,0,1
c3756,18,0,4
c3757,14,0,5
c3758,10,0,1
c3759,0,0,5
c3760,15,0,2
c3761,17,2,0
c3762,10,0,3
c3763,12,2,2
c3764,21,2,5
c3765,6,0,4
c3766,16,2,2
c3767,19,0,4
c3768,0,5,3
c3769,18,12,3
c3770,0,4,1
c3771,10,0,1
c3772,7,0,1
c3773,31,2,1
c3774,19,0,4
c3775,14,6,4
c3776,8,10,1
c3777,0,2,2
c3778,11,0,3
c3779,17,0,0
c3780,23,0,10
c3781,19,0,3
c3782,5,2,4
c3783,36,2,7
c3784,44,0,4
c3785,16,0,4
c3786,8,2,0
c3787,0,0,3
c3788,12,0,0
c3789,22,6,3
c3790,0,0,0
c3791,52,5,3
c3792,4,0,1
c3793,0,0,10
c3794,0,2,1
c3795,19,0,3
c3796,20,2,0
c3797,0,4,2
c3798,16,6,2
c3799,7,0,5
c3800,4,4,1
c3801,32,0,2
c3802,75,4,1
c3803,17,0,4
c3804,16,4,8
c3805,9,6,0
c3806,0,0,2
c3807,36,2,2
c3808,15,0,3
c3809,48,0,3
c3810,6,0,4
c3811,23,0,6
c3812,21,0,1
c3813,26,0,7
c3814,16,0,5
c3815,10,2,2
c3816,30,0,5
c3817,16,2,3
c3818,25,4,3
c3819,15,2,3
c3820,0,0,0
c3821,5,2,1
c3822,0,4,0
c3823,30,2,8
c3824,16,2,1
c3825,9,4,0
c3826,28,2,5
c3827,17,2,2
c3828,34,0,5
c3829,13,0,4
c3830,12,2,0
c3831,0,0,4
c3832,25,0,4
c3833,9,2,1
c3834,7,0,2
c3835,12,0,3
c3836,28,0,4
c3837,21,0,3
c3838,8,0,2
c3839,63,8,11
c3840,22,0,7
c3841,12,0,3
c3842,6,2,3
c3843,41,2,14
c3844,0,0,3
c3845,25,4,3
c3846,26,2,14
c3847,0,0,0
c3848,31,0,1
c3849,22,2,3
c3850,0,0,0
c3851,25,2,7
c3852,0,0,4
c3853,6,0,1
c3854,5,0,0
c3855,28,2,8
c3856,41,2,3
c3857,0,1,4
c3858,15,0,2
c3859,0,0,0
c3860,0,0,0
c3861,0,0,3
c3862,5,0,3
c3863,13,2,2
c3864,15,0,2
c3865,19,2,5
c3866,31,2,4
c3867,0,0,5
c3868,26,6,4
c3869,52,2,10
c3870,17,0,6
c3871,19,2,5
c3872,20,3,6
c3873,14,2,0
c3874,6,0,4
c3875,28,0,3
c3876,0,2,4
c3877,53,0,6
c3878,10,0,0
c3879,16,2,1
c3880,11,0,1
c3881,0,2,1
c3882,0,0,6
c3883,16,2,1
c3884,36,0,13
c3885,9,2,2
c3886,18,4,4
c3887,9,0,0
c3888,16,0,6
c3889,15,4,1
c3890,12,7,3
c3891,0,1,6
c3892,7,0,2
c3893,27,0,4
c3894,18,4,2
c3895,0,2,2
c3896,16,4,1
c3897,18,0,4
c3898,8,0,0
c3899,36,2,2
c3900,17,0,5
c3901,32,0,0
c3902,5,0,0
c3903,9,4,1
c3904,20,0,2
c3905,15,4,2
c3906,48,4,2
c3907,11,2,9
c3908,22,0,3
c3909,28,0,7
c3910,18,2,0
c3911,10,0,3
c3912,9,0,1
c3913,22,2,2
c3914,4,0,0
c3915,17,0,4
c3916,18,0,1
c3917,47,2,4
c3918,14,0,0
c3919,11,2,2
c3920,16,4,5
c3921,0,10,4
c3922,13,0,7
c3923,15,2,7
c3924,19,0,7
c3925,12,0,3
c3926,6,0,0
c3927,31,0,1
c3928,11,0,2
c3929,0,0,8
c3930,0,2,2
c3931,23,9,4
c3932,16,0,2
c3933,16,0,1
c3934,42,11,3
c3935,8,0,0
c3936,48,4,3
c3937,10,4,2
c3938,8,0,1
c3939,19,0,2
c3940,0,0,2
c3941,9,0,12
c3942,20,2,0
c3943,6,0,3
c3944,16,0,3
c3945,14,0,2
c3946,8,0,1
c3947,0,4,9
c3948,0,2,3
c3949,14,2,4
c3950,0,0,1
c3951,17,2,0
c3952,0,0,2
c3953,26,3,5
c3954,17,2,1
c3955,17,0,2
c3956,20,0,4
c3957,0,0,8
c3958,0,2,3
c3959,21,0,1
c3960,0,3,0
c3961,35,0,2
c3962,12,0,3
c3963,9,0,5
c3964,20,2,5
c3965,9,2,0
c3966,11,0,1
c3967,15,0,0
c3968,0,0,0
c3969,12,0,2
c3970,0,6,1
c3971,6,0,3
c3972,0,2,3
c3973,7,0,1
c3974,30,4,2
c3975,12,1,4
c3976,42,10,5
c3977,32,4,6
c3978,11,6,4
c3979,0,0,2
c3980,14,0,1
c3981,36,8,7
c3982,7,2,1
c3983,0,0,0
c3984,11,0,1
c3985,8,0,4
c3986,12,0,0
c3987,0,0,2
c3988,8,0,9
c3989,22,0,2
c3990,18,14,12
c3991,9,0,0
c3992,12,0,0
c3993,13,0,0
c3994,0,2,4
c3995,36,2,2
c3996,14,0,7
c3997,19,0,5
c3998,0,0,1
c3999,53,15,6
c4000,0,0,1
c4001,0,0,7
c4002,0,2,6
c4003,5,8,1
c4004,12,2,1
c4005,10,0,2
c4006,13,2,1
c4007,24,0,4
c4008,13,0,6
c4009,33,4,5
c4010,12,8,1
c4011,13,0,3
c4012,13,0,2
c4013,21,0,2
c4014,9,0,4
c4015,0,0,9
c4016,41,10,3
c4017,11,0,1
c4018,33,0,3
c4019,27,0,0
c4020,11,2,0
c4021,26,5,0
c4022,17,4,5
c4023,41,4,7
c4024,11,0,1
c4025,0,4,1
c4026,0,0,2
c4027,30,0,6
c4028,8,4,1
c4029,11,1,4
c4030,0,2,4
c4031,39,0,1
c4032,10,0,7
c4033,10,2,1
c4034,22,0,6
c4035,22,0,6
c4036,12,4,2
c4037,14,0,1
c4038,9,0,1
c4039,16,0,3
c4040,44,2,1
c4041,0,2,0
c4042,2,4,13
c4043,14,0,2
c4044,5,4,2
c4045,18,0,4
c4046,9,2,1
c4047,41,0,3
c4048,15,4,4
c4049,0,0,2
c4050,19,0,4
c4051,10,2,2
c4052,33,2,8
c4053,7,0,3
c4054,30,0,5
c4055,49,0,7
c4056,14,0,1
c4057,0,2,4
c4058,32,0,3
c4059,38,0,4
c4060,7,2,2
c4061,0,2,0
c4062,4,0,1
c4063,0,0,3
c4064,0,3,2
c4065,14,0,1
c4066,0,0,0
c4067,0,0,0
c4068,27,0,5
c4069,20,2,6
c4070,0,0,3
c4071,10,2,3
c4072,6,0,3
c4073,23,0,1
c4074,9,2,3
c4075,14,0,2
c4076,41,4,3
c4077,14,2,1
c4078,0,0,0
c4079,7,0,2
c4080,0,2,3
c4081,6,0,3
c4082,19,9,4
c4083,9,0,2
c4084,6,0,7
c4085,0,0,1
c4086,16,4,2
c4087,8,0,0
c4088,28,0,8
c4089,21,0,3
c4090,38,2,4
c4091,0,15,13
c4092,0,0,0
c4093,41,7,5
c4094,0,0,8
c4095,0,0,1
c4096,0,0,2
c4097,4,0,2
c4098,16,0,5
c4099,5,2,0
c4100,10,0,2
c4101,41,2,4
c4102,6,2,2
c4103,13,2,0
c4104,27,0,0
c4105,12,0,3
c4106,0,0,0
c4107,17,0,1
c4108,5,2,3
c4109,0,2,1
c4110,0,0,3
c4111,9,0,0
c4112,0,0,6
c4113,13,0,5
c4114,14,0,3
c4115,21,2,3
c4116,36,2,8
c4117,14,0,2
c4118,7,2,4
c4119,8,0,3
c4120,0,0,2
c4121,10,0,2
c4122,33,2,6
c4123,18,12,1
c4124,26,0,7
c4125,54,2,2
c4126,0,3,1
c4127,15,0,2
c4128,34,0,3
c4129,0,0,1
c4130,6,2,1
c4131,11,0,4
c4132,23,0,5
c4133,1,2,7
c4134,0,2,1
c4135,0,0,3
c4136,19,4,3
c4137,9,3,0
c4138,8,0,2
c4139,10,0,3
c4140,13,0,1
c4141,17,6,3
c4142,51,2,6
c4143,8,0,1
c4144,12,0,1
c4145,18,2,0
c4146,39,6,7
c4147,13,0,2
c4148,6,0,4
c4149,9,0,1
c4150,11,0,6
c4151,14,0,0
c4152,0,4,12
c4153,13,0,9
c4154,0,6,5
c4155,15,0,2
c4156,22,0,2
c4157,22,2,0
c4158,0,2,2
c4159,2,0,3
c4160,21,2,5
c4161,4,0,3
c4162,11,0,4
c4163,24,2,0
c4164,22,8,0
c4165,8,2,0
c4166,0,0,4
c4167,0,0,0
c4168,34,2,4
c4169,0,4,4
c4170,14,0,2
c4171,0,4,4
c4172,17,0,5
c4173,25,0,2
c4174,7,0,2
c4175,11,0,4
c4176,0,0,0
c4177,0,0,5
c4178,4,0,1
c4179,0,0,0
c4180,0,0,1
c4181,0,0,6
c4182,0,0,4
c4183,25,0,1
c4184,11,5,1
c4185,15,4,4
c4186,6,0,1
c4187,14,0,2
c4188,23,0,1
c4189,20,0,4
c4190,12,2,1
c4191,36,0,2
c4192,27,0,0
c4193,11,0,5
c4194,13,8,2
c4195,23,2,0
c4196,11,0,1
c4197,0,0,2
c4198,0,0,3
c4199,3,0,0
c4200,19,0,1
c4201,0,0,7
c4202,0,0,0
c4203,19,0,2
c4204,25,0,3
c4205,0,0,0
c4206,3,2,4
c4207,38,4,5
c4208,9,0,1
c4209,18,4,6
c4210,31,4,20
c4211,0,0,0
c4212,0,0,2
c4213,0,0,4
c4214,29,3,0
c4215,8,0,1
c4216,23,0,5
c4217,24,0,5
c4218,0,0,0
c4219,13,0,1
c4220,20,0,1
c4221,10,2,1
c4222,0,0,4
c4223,9,0,2
c4224,5,6,8
c4225,21,2,4
c4226,45,4,8
c4227,2,4,3
c4228,41,0,2
c4229,0,0,4
c4230,19,0,4
c4231,17,2,6
c4232,17,0,0
c4233,24,0,4
c4234,0,0,0
c4235,24,2,1
c4236,14,0,4
c4237,17,2,2
c4238,0,0,5
c4239,0,0,0
c4240,0,0,4
c4241,17,0,2
c4242,30,0,1
c4243,7,0,6
c4244,0,0,0
c4245,0,0,1
c4246,0,0,2
c4247,12,0,2
c4248,20,2,3
c4249,19,4,0
c4250,4,2,2
c4251,20,2,4
c4252,7,2,0
c4253,20,0,5
c4254,0,2,0
c4255,13,0,3
c4256,17,2,3
c4257,0,0,0
c4258,30,4,4
c4259,19,2,0
c4260,30,2,6
c4261,8,0,2
c4262,0,2,1
c4263,13,0,4
c4264,26,0,4
c4265,0,0,2
c4266,24,0,5
c4267,0,2,2
c4268,15,2,0
c4269,8,0,2
c4270,12,0,1
c4271,25,2,1
c4272,19,0,2
c4273,0,0,5
c4274,26,0,7
c4275,71,0,2
c4276,8,2,1
c4277,0,0,8
c4278,26,0,1
c4279,13,0,3
c4280,13,0,2
c4281,5,2,0
c4282,46,14,12
c4283,9,0,1
c4284,20,3,1
c4285,10,2,4
c4286,20,0,2
c4287,8,0,0
c4288,7,4,2
c4289,0,6,5
c4290,48,0,7
c4291,15,1,3
c4292,0,4,5
c4293,3,4,0
c4294,19,0,1
c4295,0,2,3
c4296,23,7,10
c4297,16,3,0
c4298,18,2,2
c4299,4,0,5
c4300,0,3,1
c4301,40,1,2
c4302,7,0,5
c4303,9,0,4
c4304,0,0,0
c4305,10,6,3
c4306,7,0,1
c4307,22,0,0
c4308,12,0,5
c4309,9,2,0
c4310,10,1,0
c4311,11,0,5
c4312,40,0,1
c4313,16,7,6
c4314,10,2,3
c4315,0,0,0
c4316,27,4,3
c4317,13,4,6
c4318,5,0,6
c4319,34,2,4
c4320,4,2,5
c4321,7,4,1
c4322,12,2,0
c4323,14,4,0
c4324,15,0,2
c4325,26,2,4
c4326,31,0,4
c4327,31,0,7
c4328,10,2,6
c4329,16,4,2
c4330,32,2,1
c4331,14,0,1
c4332,7,0,2
c4333,23,1,4
c4334,0,3,2
c4335,0,0,0
c4336,11,8,4
c4337,14,6,5
c4338,0,6,0
c4339,14,0,0
c4340,0,0,4
c4341,0,4,2
c4342,20,2,4
c4343,22,4,7
c4344,12,7,3
c4345,18,6,2
c4346,0,0,6
c4347,0,0,4
c4348,28,6,4
c4349,19,0,1
c4350,26,2,5
c4351,28,0,1
c4352,13,0,2
c4353,0,0,4
c4354,0,0,7
c4355,5,2,3
c4356,15,2,1
c4357,17,0,3
c4358,17,2,3
c4359,5,0,1
c4360,18,0,1
c4361,0,2,3
c4362,0,0,6
c4363,13,0,3
c4364,0,0,3
c4365,20,2,1
c4366,10,0,3
c4367,0,0,2
c4368,12,0,1
c4369,39,0,3
c4370,14,0,4
c4371,38,19,4
c4372,31,6,4
c4373,16,0,2
c4374,12,0,2
c4375,12,8,0
c4376,20,0,0
c4377,27,0,5
c4378,34,0,16
c4379,10,2,5
c4380,25,0,4
c4381,4,0,3
c4382,5,0,1
c4383,8,0,1
c4384,20,0,5
c4385,0,2,3
c4386,0,0,4
c4387,13,2,4
c4388,22,5,2
c4389,19,0,2
c4390,19,0,1
c4391,0,0,1
c4392,16,2,1
c4393,30,0,3
c4394,33,1,8
c4395,0,0,0
c4396,0,0,3
c4397,7,0,0
c4398,12,2,4
c4399,38,8,9
c4400,4,0,2
c4401,0,2,4
c4402,8,0,2
c4403,5,9,1
c4404,0,0,2
c4405,21,2,1
c4406,8,2,2
c4407,10,0,5
c4408,6,0,3
c4409,10,0,3
c4410,0,2,0
c4411,11,6,3
c4412,39,2,2
c4413,10,0,6
c4414,0,0,0
c4415,16,0,2
c4416,18,2,2
c4417,47,0,9
c4418,12,0,4
c4419,10,2,2
c4420,20,0,6
c4421,0,0,0
c4422,51,0,10
c4423,0,0,0
c4424,0,2,2
c4425,18,2,1
c4426,13,4,6
c4427,41,0,5
c4428,16,0,1
c4429,17,0,2
c4430,23,10,5
c4431,7,6,1
c4432,0,2,2
c4433,14,0,2
c4434,9,0,1
c4435,0,2,6
c4436,6,0,2
c4437,6,0,1
c4438,24,2,4
c4439,20,0,6
c4440,18,2,2
c4441,9,0,1
c4442,44,0,3
c4443,20,10,2
c4444,7,0,3
c4445,12,0,3
c4446,7,0,1
c4447,11,0,1
c4448,13,2,0
c4449,29,5,3
c4450,24,5,0
c4451,55,4,2
c4452,6,4,1
c4453,20,0,7
c4454,12,0,0
c4455,35,0,1
c4456,6,0,1
c4457,24,4,5
c4458,19,4,4
c4459,28,4,2
c4460,10,0,4
c4461,12,0,0
c4462,0,0,5
c4463,36,19,8
c4464,18,4,5
c4465,10,0,5
c4466,0,0,2
c4467,19,2,0
c4468,21,2,1
c4469,0,4,5
c4470,5,2,0
c4471,6,0,1
c4472,7,0,0
c4473,19,0,5
c4474,30,6,6
c4475,0,0,4
c4476,25,0,1
c4477,13,0,2
c4478,8,0,0
c4479,40,0,7
c4480,9,0,5
c4481,32,0,1
c4482,0,0,0
c4483,6,0,2
c4484,0,10,1
c4485,22,2,3
c4486,24,2,4
c4487,21,2,2
c4488,27,0,2
c4489,13,0,2
c4490,18,2,1
c4491,0,2,2
c4492,41,4,10
c4493,14,0,3
c4494,11,2,0
c4495,6,0,5
c4496,10,2,0
c4497,85,0,4
c4498,20,6,5
c4499,20,2,2
c4500,6,5,1
c4501,7,2,1
c4502,0,0,2
c4503,32,11,3
c4504,0,0,1
c4505,17,0,0
c4506,26,0,2
c4507,2,0,6
c4508,14,0,1
c4509,0,0,0
c4510,14,0,4
c4511,8,0,0
c4512,13,0,1
c4513,0,0,1
c4514,7,0,2
c4515,5,0,1
c4516,5,4,2
c4517,12,0,1
c4518,34,13,9
c4519,5,0,2
c4520,3,0,0
c4521,16,2,2
c4522,7,3,0
c4523,0,0,2
c4524,14,0,2
c4525,37,2,6
c4526,0,6,3
c4527,55,0,0
c4528,0,0,6
c4529,0,2,2
c4530,29,8,2
c4531,8,0,0
c4532,22,6,5
c4533,0,6,0
c4534,14,3,4
c4535,33,0,7
c4536,38,2,8
c4537,0,2,1
c4538,8,0,2
c4539,22,0,1
c4540,16,2,0
c4541,0,0,6
c4542,28,0,7
c4543,9,0,2
c4544,11,6,3
c4545,10,0,1
c4546,15,0,5
c4547,0,0,0
c4548,0,0,5
c4549,36,0,2
c4550,7,0,1
c4551,23,0,2
c4552,19,0,3
c4553,0,2,0
c4554,9,5,5
c4555,13,2,0
c4556,17,0,0
c4557,2,6,1
c4558,48,0,4
c4559,3,2,2
c4560,17,5,3
c4561,13,0,2
c4562,29,5,12
c4563,74,4,7
c4564,0,0,6
c4565,12,0,19
c4566,58,6,6
c4567,0,21,6
c4568,37,0,5
c4569,17,2,1
c4570,8,0,3
c4571,0,0,2
c4572,37,6,2
c4573,0,0,3
c4574,19,0,3
c4575,8,0,3
c4576,9,2,1
c4577,20,4,1
c4578,0,0,3
c4579,15,4,5
c4580,33,2,3
c4581,0,0,6
c4582,18,0,4
c4583,0,13,4
c4584,24,0,1
c4585,18,0,2
c4586,20,0,1
c4587,15,0,0
c4588,12,2,2
c4589,36,4,5
c4590,0,0,0
c4591,6,4,3
c4592,33,4,5
c4593,7,0,4
c4594,8,2,3
c4595,25,2,1
c4596,21,0,1
c4597,17,0,1
c4598,25,6,5
c4599,33,0,4
c4600,9,0,3
c4601,12,4,1
c4602,8,0,3
c4603,0,0,0
c4604,34,0,4
c4605,47,2,10
c4606,15,0,5
c4607,21,4,2
c4608,23,5,4
c4609,12,0,3
c4610,39,6,4
c4611,0,4,0
c4612,12,0,0
c4613,0,0,2
c4614,21,0,5
c4615,15,3,0
c4616,24,0,0
c4617,8,0,1
c4618,13,0,1
c4619,0,0,0
c4620,25,2,0
c4621,16,0,1
c4622,34,8,2
c4623,9,5,2
c4624,33,0,4
c4625,0,1,0
c4626,16,2,2
c4627,26,2,3
c4628,0,0,4
c4629,16,0,0
c4630,14,2,1
c4631,16,0,2
c4632,23,0,3
c4633,3,0,4
c4634,14,4,0
c4635,0,0,0
c4636,8,2,2
c4637,8,0,4
c4638,36,0,3
c4639,11,0,6
c4640,4,2,1
c4641,17,2,9
c4642,10,0,5
c4643,0,2,7
c4644,11,0,5
c4645,43,3,3
c4646,0,0,2
c4647,0,18,16
c4648,0,0,6
c4649,0,0,3
c4650,10,0,2
c4651,10,10,2
c4652,29,2,6
c4653,45,2,11
c4654,24,8,1
c4655,22,0,0
c4656,10,0,1
c4657,0,11,4
c4658,20,0,4
c4659,19,3,7
c4660,8,0,6
c4661,9,2,6
c4662,37,3,4
c4663,12,8,2
c4664,10,2,1
c4665,20,0,0
c4666,10,2,0
c4667,18,4,2
c4668,0,0,2
c4669,86,0,4
c4670,47,4,5
c4671,24,0,1
c4672,16,2,0
c4673,26,2,3
c4674,0,0,4
c4675,13,0,2
c4676,13,7,1
c4677,0,0,0
c4678,0,0,0
c4679,15,4,0
c4680,23,0,4
c4681,0,0,7
c4682,21,0,4
c4683,36,4,0
c4684,10,6,3
c4685,26,0,2
c4686,18,6,4
c4687,62,0,8
c4688,14,3,1
c4689,15,0,1
c4690,18,0,2
c4691,0,0,0
c4692,9,2,2
c4693,18,0,3
c4694,14,0,4
c4695,13,2,0
c4696,19,10,2
c4697,17,2,1
c4698,34,0,2
c4699,24,2,4
c4700,50,4,1
c4701,45,0,8
c4702,14,0,2
c4703,0,0,8
c4704,27,0,2
c4705,20,2,0
c4706,9,0,3
c4707,37,0,1
c4708,51,0,8
c4709,9,0,13
c4710,12,0,0
c4711,18,0,1
c4712,29,0,2
c4713,19,2,1
c4714,0,15,5
c4715,17,0,0
c4716,31,0,5
c4717,10,0,3
c4718,20,0,5
c4719,27,2,6
c4720,27,2,6
c4721,12,2,2
c4722,8,2,2
c4723,11,0,0
c4724,35,2,8
c4725,25,2,4
c4726,11,5,6
c4727,21,0,2
c4728,20,0,5
c4729,11,2,2
c4730,10,0,1
c4731,17,0,1
c4732,8,0,1
c4733,10,2,2
c4734,52,0,2
c4735,15,2,2
c4736,0,2,4
c4737,0,0,1
c4738,10,0,1
c4739,7,5,0
c4740,12,0,0
c4741,23,6,0
c4742,15,8,4
c4743,13,0,3
c4744,7,0,0
c4745,27,0,1
c4746,9,0,1
c4747,21,5,0
c4748,0,2,3
c4749,22,0,2
c4750,21,0,8
c4751,26,0,2
c4752,13,0,1
c4753,0,1,6
c4754,18,0,4
c4755,11,2,4
c4756,23,4,0
c4757,21,0,1
c4758,0,2,5
c4759,5,2,3
c4760,15,0,1
c4761,7,0,2
c4762,18,4,1
c4763,0,0,0
c4764,15,2,5
c4765,0,2,3
c4766,6,0,1
c4767,0,0,1
c4768,0,0,2
c4769,50,2,3
c4770,0,2,0
c4771,18,4,4
c4772,16,4,1
c4773,9,2,3
c4774,8,0,0
c4775,8,0,0
c4776,42,0,4
c4777,23,0,3
c4778,13,4,10
c4779,17,4,2
c4780,1,1,1
c4781,19,2,5
c4782,33,4,7
c4783,13,2,4
c4784,3,0,0
c4785,2,10,1
c4786,7,0,2
c4787,14,0,2
c4788,5,0,2
c4789,0,0,1
c4790,16,1,2
c4791,13,9,4
c4792,10,2,3
c4793,11,0,1
c4794,10,2,3
c4795,28,0,1
c4796,20,0,3
c4797,4,0,0
c4798,26,0,10
c4799,11,0,3
c4800,15,0,2
c4801,0,0,3
c4802,7,0,2
c4803,17,0,5
c4804,20,0,3
c4805,40,0,14
c4806,36,2,0
c4807,0,2,0
c4808,0,3,2
c4809,10,0,1
c4810,11,0,3
c4811,7,6,0
c4812,20,0,4
c4813,23,0,1
c4814,0,2,1
c4815,9,2,5
c4816,23,0,5
c4817,14,4,6
c4818,12,4,2
c4819,17,0,3
c4820,38,0,1
c4821,37,9,3
c4822,0,4,0
c4823,22,7,3
c4824,11,0,3
c4825,12,10,2
c4826,30,0,0
c4827,13,6,2
c4828,8,4,2
c4829,0,2,1
c4830,14,0,6
c4831,20,0,3
c4832,12,0,2
c4833,19,0,5
c4834,7,2,4
c4835,27,0,0
c4836,0,0,3
c4837,1,0,1
c4838,17,6,1
c4839,6,0,0
c4840,15,0,5
c4841,7,3,8
c4842,36,9,7
c4843,10,8,2
c4844,32,2,2
c4845,15,0,0
c4846,0,3,6
c4847,0,0,5
c4848,0,0,5
c4849,15,2,4
c4850,29,0,2
c4851,12,2,2
c4852,25,2,0
c4853,43,2,2
c4854,31,0,4
c4855,35,2,2
c4856,12,4,1
c4857,0,0,4
c4858,15,0,8
c4859,16,2,2
c4860,6,0,0
c4861,69,7,7
c4862,17,0,5
c4863,19,0,0
c4864,14,2,1
c4865,6,0,1
c4866,0,2,1
c4867,10,8,0
c4868,22,0,5
c4869,23,2,0
c4870,17,0,3
c4871,27,3,6
c4872,10,2,2
c4873,24,2,1
c4874,52,0,5
c4875,4,0,1
c4876,14,6,2
c4877,6,2,1
c4878,25,0,2
c4879,32,2,2
c4880,15,0,4
c4881,12,4,3
c4882,12,4,0
c4883,0,2,1
c4884,20,2,4
c4885,20,2,3
c4886,0,4,3
c4887,9,0,2
c4888,26,2,2
c4889,3,0,4
c4890,0,0,16
c4891,9,0,2
c4892,15,2,1
c4893,0,0,2
c4894,14,0,0
c4895,21,0,4
c4896,17,2,1
c4897,21,6,0
c4898,12,0,0
c4899,14,0,0
c4900,16,0,1
c4901,10,0,2
c4902,0,2,3
c4903,0,2,1
c4904,12,5,1
c4905,9,4,2
c4906,0,1,3
c4907,52,2,5
c4908,10,2,4
c4909,29,2,7
c4910,31,0,5
c4911,62,0,3
c4912,4,2,0
c4913,15,0,0
c4914,13,0,2
c4915,9,0,4
c4916,41,4,9
c4917,10,4,2
c4918,41,10,11
c4919,31,2,1
c4920,12,0,0
c4921,19,6,2
c4922,4,0,4
c4923,14,2,1
c4924,47,4,2
c4925,0,4,0
c4926,21,0,8
c4927,72,2,1
c4928,16,0,5
c4929,12,6,4
c4930,14,8,1
c4931,0,4,3
c4932,9,0,0
c4933,21,0,6
c4934,9,2,0
c4935,7,0,1
c4936,10,0,3
c4937,6,0,0
c4938,33,2,7
c4939,10,2,5
c4940,88,12,15
c4941,14,0,2
c4942,14,5,1
c4943,7,1,7
c4944,31,2,5
c4945,37,12,6
c4946,23,4,4
c4947,0,0,3
c4948,9,4,1
c4949,8,7,1
c4950,8,0,6
c4951,28,2,2
c4952,17,6,5
c4953,18,0,4
c4954,15,2,1
c4955,0,2,6
c4956,0,2,1
c4957,17,4,1
c4958,7,2,1
c4959,16,0,3
c4960,5,0,1
c4961,0,2,4
c4962,14,4,1
c4963,4,2,4
c4964,14,0,3
c4965,34,12,8
c4966,21,2,7
c4967,9,2,0
c4968,21,0,1
c4969,11,0,0
c4970,17,0,21
c4971,12,0,4
c4972,20,2,0
c4973,6,2,13
c4974,8,0,4
c4975,19,0,2
c4976,9,2,1
c4977,35,11,9
c4978,7,4,2
c4979,16,0,0
c4980,0,2,2
c4981,18,2,3
c4982,8,2,3
c4983,17,0,14
c4984,5,4,1
c4985,0,0,0
c4986,16,4,3
c4987,17,2,3
c4988,20,2,2
c4989,14,2,1
c4990,12,3,3
c4991,0,0,4
c4992,31,0,6
c4993,21,0,2
c4994,40,6,14
c4995,36,4,2
c4996,13,2,0
c4997,10,0,0
c4998,23,1,1
c4999,45,6,4
c5000,0,0,2
c5001,12,0,2
c5002,13,4,2
c5003,13,0,2
c5004,0,0,3
c5005,13,0,1
c5006,11,4,2
c5007,8,1,3
c5008,19,0,2
c5009,10,0,3
c5010,16,4,5
c5011,0,2,3
c5012,11,0,2
c5013,11,4,1
c5014,4,0,4
c5015,24,0,0
c5016,16,4,2
c5017,11,0,2
c5018,0,2,1
c5019,5,0,0
c5020,11,2,3
c5021,34,2,7
c5022,9,2,3
c5023,14,2,2
c5024,16,2,3
c5025,16,2,1
c5026,30,0,3
c5027,6,0,0
c5028,8,2,3
c5029,16,2,1
c5030,13,2,2
c5031,21,2,4
c5032,0,0,0
c5033,40,5,9
c5034,10,2,0
c5035,7,0,1
c5036,19,0,0
c5037,0,0,0
c5038,13,0,4
c5039,10,0,1
c5040,15,0,4
c5041,14,0,1
c5042,17,0,1
c5043,0,0,0
c5044,22,0,3
c5045,25,2,3
c5046,0,0,2
c5047,11,0,10
c5048,19,3,6
c5049,8,0,1
c5050,14,0,1
c5051,18,0,3
c5052,0,0,0
c5053,17,0,2
c5054,13,0,3
c5055,9,12,0
c5056,26,2,1
c5057,9,0,2
c5058,9,0,1
c5059,22,2,6
c5060,0,2,0
c5061,17,0,6
c5062,11,2,2
c5063,33,0,12
c5064,11,8,3
c5065,9,0,3
c5066,0,8,10
c5067,0,4,5
c5068,0,2,6
c5069,20,4,4
c5070,8,4,1
c5071,0,0,9
c5072,0,0,1
c5073,16,2,0
c5074,6,0,1
c5075,9,6,3
c5076,27,0,3
c5077,27,4,7
c5078,0,2,4
c5079,16,0,4
c5080,0,0,3
c5081,0,4,4
c5082,27,0,10
c5083,0,0,3
c5084,9,0,0
c5085,12,0,2
c5086,17,2,2
c5087,14,2,0
c5088,13,0,0
c5089,0,0,3
c5090,8,0,0
c5091,16,0,8
c5092,9,0,4
c5093,15,2,3
c5094,6,0,0
c5095,10,2,5
c5096,0,0,0
c5097,21,2,4
c5098,0,11,1
c5099,9,2,0
c5100,17,0,1
c5101,0,0,0
c5102,6,0,3
c5103,23,0,2
c5104,14,0,2
c5105,7,0,2
c5106,7,0,1
c5107,30,0,6
c5108,10,4,2
c5109,0,0,1
c5110,0,0,5
c5111,0,0,4
c5112,11,0,3
c5113,0,6,3
c5114,14,0,2
c5115,18,6,2
c5116,39,7,2
c5117,21,0,2
c5118,17,0,3
c5119,5,2,1
c5120,0,0,4
c5121,31,2,2
c5122,15,2,1
c5123,14,2,0
c5124,25,4,4
c5125,42,0,0
c5126,26,2,1
c5127,5,0,4
c5128,20,0,2
c5129,9,2,5
c5130,0,0,2
c5131,10,6,2
c5132,0,4,1
c5133,35,0,3
c5134,16,2,5
c5135,23,0,8
c5136,9,0,0
c5137,17,2,5
c5138,7,4,3
c5139,19,6,5
c5140,13,0,0
c5141,11,0,2
c5142,16,0,12
c5143,9,0,0
c5144,12,0,2
c5145,9,0,2
c5146,22,0,5
c5147,0,2,0
c5148,0,0,0
c5149,6,0,0
c5150,12,0,5
c5151,66,0,8
c5152,14,2,0
c5153,26,2,7
c5154,0,0,1
c5155,0,0,7
c5156,26,4,6
c5157,0,2,0
c5158,31,0,2
c5159,0,2,4
c5160,15,2,7
c5161,0,4,4
c5162,0,2,2
c5163,7,2,0
c5164,9,2,1
c5165,10,0,2
c5166,27,4,1
c5167,37,0,3
c5168,12,6,1
c5169,8,0,0
c5170,18,0,2
c5171,0,4,2
c5172,34,2,0
c5173,24,0,2
c5174,13,2,6
c5175,10,0,2
c5176,11,2,3
c5177,13,0,1
c5178,18,0,1
c5179,3,0,5
c5180,0,3,2
c5181,0,2,6
c5182,15,0,2
c5183,17,2,1
c5184,6,0,0
c5185,18,2,3
c5186,28,0,2
c5187,9,2,0
c5188,0,0,2
c5189,32,0,9
c5190,5,0,5
c5191,21,0,1
c5192,0,4,0
c5193,0,0,3
c5194,14,2,1
c5195,0,0,0
c5196,14,8,7
c5197,12,2,2
c5198,0,0,3
c5199,0,0,1
c5200,50,0,4
c5201,19,0,2
c5202,16,0,3
c5203,22,0,4
c5204,9,2,2
c5205,67,0,6
c5206,12,4,2
c5207,7,0,0
c5208,19,0,3
c5209,16,0,5
c5210,6,6,6
c5211,24,4,6
c5212,7,0,2
c5213,6,7,1
c5214,9,0,1
c5215,51,0,8
c5216,5,0,2
c5217,11,0,3
c5218,0,0,0
c5219,51,11,0
c5220,15,0,1
c5221,25,3,3
c5222,23,0,1
c5223,18,10,2
c5224,29,0,2
c5225,16,0,3
c5226,0,9,5
c5227,30,9,6
c5228,21,0,2
c5229,43,4,3
c5230,0,2,2
c5231,0,0,2
c5232,0,2,1
c5233,12,2,1
c5234,15,2,4
c5235,15,0,1
c5236,11,6,5
c5237,9,0,4
c5238,7,6,3
c5239,9,0,4
c5240,5,2,0
c5241,7,0,7
c5242,16,0,1
c5243,20,4,11
c5244,0,0,5
c5245,8,0,2
c5246,27,2,9
c5247,12,2,9
c5248,0,4,0
c5249,7,0,7
c5250,20,0,3
c5251,21,2,9
c5252,15,2,1
c5253,13,4,1
c5254,0,0,4
c5255,30,2,3
c5256,18,0,4
c5257,11,8,1
c5258,16,4,4
c5259,10,0,3
c5260,25,2,1
c5261,0,0,4
c5262,22,10,8
c5263,0,0,1
c5264,12,5,4
c5265,0,0,4
c5266,48,2,0
c5267,102,13,15
c5268,0,2,6
c5269,13,4,3
c5270,16,2,0
c5271,18,4,6
c5272,17,0,3
c5273,20,0,1
c5274,0,0,1
c5275,10,0,1
c5276,0,4,3
c5277,0,0,4
c5278,3,0,1
c5279,22,0,3
c5280,29,0,3
c5281,11,2,1
c5282,32,0,4
c5283,33,0,3
c5284,51,0,5
c5285,0,0,8
c5286,9,0,1
c5287,8,0,2
c5288,0,0,11
c5289,12,2,1
c5290,40,0,3
c5291,23,0,1
c5292,22,0,0
c5293,9,0,0
c5294,0,0,14
c5295,0,1,5
c5296,11,4,2
c5297,10,0,6
c5298,11,0,1
c5299,12,0,2
c5300,0,0,4
c5301,0,0,7
c5302,10,0,1
c5303,34,10,4
c5304,0,6,4
c5305,0,0,0
c5306,8,0,3
c5307,7,6,1
c5308,37,0,7
c5309,13,2,2
c5310,18,0,4
c5311,10,8,7
c5312,0,2,5
c5313,15,2,1
c5314,15,0,0
c5315,0,0,7
c5316,25,6,8
c5317,39,2,7
c5318,17,0,2
c5319,27,0,5
c5320,17,6,1
c5321,30,1,2
c5322,14,0,3
c5323,15,0,9
c5324,13,2,1
c5325,15,0,6
c5326,0,2,4
c5327,10,2,2
c5328,0,2,1
c5329,0,0,8
c5330,7,0,0
c5331,18,0,1
c5332,13,0,1
c5333,19,0,1
c5334,23,0,0
c5335,24,6,1
c5336,24,2,5
c5337,10,0,5
c5338,12,0,2
c5339,64,11,3
c5340,10,0,4
c5341,19,8,0
c5342,0,0,1
c5343,13,0,3
c5344,13,0,4
c5345,11,0,0
c5346,23,0,3
c5347,30,4,1
c5348,26,4,3
c5349,2,2,3
c5350,17,0,5
c5351,8,4,2
c5352,29,2,3
c5353,0,8,7
c5354,20,2,0
c5355,7,0,1
c5356,34,3,3
c5357,14,0,2
c5358,33,1,3
c5359,15,4,3
c5360,0,0,3
c5361,14,0,4
c5362,7,0,4
c5363,14,2,4
c5364,21,0,2
c5365,16,2,2
c5366,1,0,2
c5367,0,0,0
c5368,8,0,8
c5369,10,0,2
c5370,0,0,3
c5371,14,2,2
c5372,0,1,0
c5373,26,2,1
c5374,5,0,6
c5375,0,6,3
c5376,11,0,2
c5377,32,2,4
c5378,32,0,9
c5379,0,6,0
c5380,13,0,0
c5381,20,0,2
c5382,33,0,3
c5383,7,2,4
c5384,0,0,1
c5385,27,0,1
c5386,25,2,5
c5387,13,9,1
c5388,12,0,1
c5389,19,6,2
c5390,0,0,1
c5391,11,0,4
c5392,9,0,1
c5393,10,4,4
c5394,0,0,0
c5395,4,2,7
c5396,5,4,4
c5397,0,0,4
c5398,39,6,8
c5399,13,0,6
c5400,12,0,2
c5401,15,0,0
c5402,14,0,2
c5403,13,2,1
c5404,11,4,0
c5405,12,6,1
c5406,13,2,0
c5407,15,8,2
c5408,52,0,1
c5409,20,0,4
c5410,12,6,2
c5411,33,0,4
c5412,12,4,1
c5413,15,0,0
c5414,20,0,1
c5415,5,0,1
c5416,0,4,5
c5417,30,0,3
c5418,0,2,1
c5419,6,2,7
c5420,29,4,4
c5421,0,0,4
c5422,7,2,1
c5423,13,0,1
c5424,0,0,1
c5425,5,0,0
c5426,18,2,1
c5427,14,2,6
c5428,32,2,6
c5429,83,9,5
c5430,18,1,2
c5431,12,0,4
c5432,11,2,1
c5433,14,2,0
c5434,11,4,2
c5435,0,0,2
c5436,0,0,6
c5437,17,0,1
c5438,8,0,1
c5439,0,0,1
c5440,8,0,5
c5441,11,0,6
c5442,13,0,0
c5443,10,3,1
c5444,13,0,4
c5445,16,0,1
c5446,5,0,0
c5447,12,0,1
c5448,2,2,3
c5449,29,2,3
c5450,22,0,3
c5451,27,0,7
c5452,9,0,3
c5453,12,0,2
c5454,0,0,0
c5455,33,0,2
c5456,16,0,2
c5457,41,0,5
c5458,32,2,2
c5459,27,0,3
c5460,19,0,2
c5461,18,2,3
c5462,12,0,4
c5463,0,1,5
c5464,13,2,1
c5465,5,3,1
c5466,31,14,3
c5467,9,2,8
c5468,30,0,2
c5469,7,0,4
c5470,0,0,0
c5471,14,0,9
c5472,11,2,3
c5473,22,1,1
c5474,15,2,0
c5475,0,0,3
c5476,5,0,4
c5477,6,0,8
c5478,0,14,0
c5479,17,0,3
c5480,8,0,5
c5481,18,0,4
c5482,24,2,0
c5483,25,0,2
c5484,11,2,1
c5485,10,2,0
c5486,0,2,2
c5487,18,0,3
c5488,9,0,3
c5489,11,0,3
c5490,0,2,4
c5491,23,0,5
c5492,23,0,6
c5493,0,0,1
c5494,12,0,6
c5495,23,2,1
c5496,21,2,0
c5497,23,2,3
c5498,11,4,3
c5499,27,0,1
c5500,11,6,5
c5501,8,2,0
c5502,39,4,3
c5503,21,0,7
c5504,47,2,2
c5505,3,2,0
c5506,10,2,3
c5507,0,6,3
c5508,0,0,2
c5509,22,2,1
c5510,0,0,0
c5511,9,0,4
c5512,23,7,3
c5513,41,0,1
c5514,10,4,18
c5515,25,0,8
c5516,11,0,1
c5517,43,4,9
c5518,23,4,3
c5519,14,0,4
c5520,10,0,1
c5521,29,0,6
c5522,11,8,1
c5523,18,0,5
c5524,6,0,0
c5525,9,0,2
c5526,5,0,1
c5527,5,2,0
c5528,14,2,1
c5529,18,2,3
c5530,0,0,7
c5531,41,6,4
c5532,21,2,1
c5533,0,0,5
c5534,0,0,5
c5535,21,0,4
c5536,0,2,4
c5537,12,4,0
c5538,0,0,2
c5539,0,2,4
c5540,39,0,1
c5541,8,0,2
c5542,18,2,4
c5543,35,0,11
c5544,20,0,4
c5545,20,0,6
c5546,31,0,4
c5547,0,0,2
c5548,32,0,6
c5549,14,0,4
c5550,11,3,1
c5551,11,2,3
c5552,10,8,0
c5553,0,0,0
c5554,0,2,2
c5555,8,0,0
c5556,16,2,2
c5557,20,0,2
c5558,0,4,1
c5559,9,0,3
c5560,3,0,2
c5561,27,0,1
c5562,14,0,1
c5563,9,2,1
c5564,17,0,6
c5565,21,0,1
c5566,23,4,1
c5567,0,2,0
c5568,0,0,2
c5569,31,8,4
c5570,6,2,2
c5571,12,4,1
c5572,10,2,2
c5573,10,0,2
c5574,16,3,1
c5575,5,0,5
c5576,29,0,2
c5577,0,2,4
c5578,41,2,14
c5579,1,2,3
c5580,0,0,2
c5581,11,0,4
c5582,20,4,4
c5583,18,2,0
c5584,0,0,0
c5585,40,2,7
c5586,34,4,0
c5587,13,6,3
c5588,18,2,1
c5589,11,0,2
c5590,12,1,1
c5591,0,5,0
c5592,23,0,1
c5593,14,4,3
c5594,43,0,5
c5595,14,2,4
c5596,4,0,1
c5597,0,0,4
c5598,33,0,3
c5599,6,2,5
c5600,13,4,4
c5601,19,4,3
c5602,16,0,2
c5603,18,4,1
c5604,42,2,2
c5605,76,5,3
c5606,16,0,2
c5607,13,0,2
c5608,15,0,3
c5609,16,0,0
c5610,10,2,3
c5611,0,0,3
c5612,12,2,1
c5613,19,0,1
c5614,53,8,5
c5615,0,0,1
c5616,41,2,4
c5617,12,2,3
c5618,6,0,4
c5619,30,0,1
c5620,6,0,3
c5621,12,0,2
c5622,7,0,5
c5623,8,0,1
c5624,10,2,3
c5625,0,6,2
c5626,13,2,1
c5627,9,2,1
c5628,5,10,3
c5629,15,0,0
c5630,0,0,0
c5631,0,0,2
c5632,0,0,2
c5633,34,2,1
c5634,31,0,3
c5635,0,0,0
c5636,12,4,2
c5637,3,0,2
c5638,31,0,14
c5639,8,0,7
c5640,2,4,1
c5641,42,0,8
c5642,20,2,1
c5643,1,0,2
c5644,8,4,4
c5645,4,2,2
c5646,29,0,7
c5647,3,0,2
c5648,10,2,2
c5649,6,0,1
c5650,9,0,5
c5651,8,0,0
c5652,0,0,0
c5653,9,0,2
c5654,24,2,2
c5655,2,0,6
c5656,15,4,1
c5657,10,2,1
c5658,0,4,1
c5659,15,0,4
c5660,19,0,5
c5661,8,0,4
c5662,8,0,1
c5663,25,0,4
c5664,9,0,3
c5665,22,4,3
c5666,94,2,3
c5667,17,0,2
c5668,17,0,2
c5669,15,0,1
c5670,58,0,8
c5671,23,0,1
c5672,26,0,0
c5673,6,0,5
c5674,62,6,11
c5675,0,0,6
c5676,0,4,1
c5677,20,0,9
c5678,11,0,0
c5679,8,0,1
c5680,10,2,2
c5681,0,0,1
c5682,21,2,4
c5683,8,4,2
c5684,12,2,1
c5685,19,0,2
c5686,12,0,9
c5687,15,0,1
c5688,17,0,0
c5689,24,2,6
c5690,10,0,0
c5691,17,2,4
c5692,14,0,3
c5693,0,1,3
c5694,0,2,2
c5695,8,0,1
c5696,12,2,0
c5697,13,0,4
c5698,41,0,2
c5699,10,0,3
c5700,9,0,2
c5701,15,3,2
c5702,9,0,7
c5703,32,4,7
c5704,24,0,3
c5705,0,0,0
c5706,0,2,5
c5707,15,0,1
c5708,11,0,7
c5709,24,2,5
c5710,13,0,2
c5711,23,2,1
c5712,13,2,4
c5713,10,4,2
c5714,14,10,0
c5715,2,0,2
c5716,15,0,3
c5717,0,4,4
c5718,10,0,3
c5719,19,0,1
c5720,11,2,0
c5721,22,0,2
c5722,21,6,3
c5723,17,0,1
c5724,14,6,3
c5725,0,0,2
c5726,14,2,1
c5727,12,0,4
c5728,8,0,0
c5729,15,2,12
c5730,32,0,1
c5731,23,10,8
c5732,0,11,1
c5733,12,2,3
c5734,2,2,1
c5735,19,8,2
c5736,0,0,2
c5737,9,0,2
c5738,19,0,2
c5739,22,2,2
c5740,26,1,1
c5741,55,4,5
c5742,30,4,3
c5743,16,6,4
c5744,28,0,5
c5745,17,0,1
c5746,13,0,4
c5747,17,2,1
c5748,0,2,2
c5749,19,3,2
c5750,12,3,1
c5751,0,0,0
c5752,13,4,2
c5753,0,0,0
c5754,14,8,8
c5755,14,4,2
c5756,0,0,7
c5757,16,8,1
c5758,5,0,6
c5759,10,2,0
c5760,40,6,8
c5761,8,0,2
c5762,0,0,3
c5763,7,0,0
c5764,0,0,0
c5765,16,0,3
c5766,9,0,4
c5767,13,0,1
c5768,0,0,2
c5769,5,0,3
c5770,12,0,0
c5771,9,0,2
c5772,6,0,3
c5773,44,8,3
c5774,12,2,3
c5775,13,0,2
c5776,10,0,2
c5777,43,2,0
c5778,0,0,1
c5779,11,8,3
c5780,8,2,3
c5781,34,0,7
c5782,11,0,0
c5783,8,0,1
c5784,6,0,2
c5785,28,0,5
c5786,16,6,1
c5787,7,2,3
c5788,0,6,4
c5789,33,2,11
c5790,14,2,4
c5791,15,0,5
c5792,15,0,2
c5793,15,0,0
c5794,9,2,4
c5795,13,0,0
c5796,12,0,4
c5797,4,0,2
c5798,15,9,0
c5799,14,2,1
c5800,24,10,5
c5801,0,0,2
c5802,36,2,5
c5803,19,1,0
c5804,8,0,2
c5805,24,0,4
c5806,10,2,2
c5807,0,0,6
c5808,12,0,3
c5809,0,0,0
c5810,40,0,3
c5811,32,0,4
c5812,7,0,4
c5813,0,0,2
c5814,19,0,1
c5815,45,0,1
c5816,15,0,1
c5817,17,2,5
c5818,0,0,1
c5819,10,0,2
c5820,23,0,0
c5821,8,2,1
c5822,10,2,2
c5823,24,0,2
c5824,31,2,5
c5825,36,3,4
c5826,21,2,0
c5827,0,4,5
c5828,27,2,4
c5829,13,0,5
c5830,0,0,2
c5831,13,0,4
c5832,12,2,3
c5833,11,0,2
c5834,23,2,7
c5835,0,2,0
c5836,12,0,4
c5837,21,2,1
c5838,12,4,2
c5839,34,2,4
c5840,6,2,1
c5841,28,2,0
c5842,50,8,7
c5843,14,0,4
c5844,36,4,6
c5845,0,0,0
c5846,15,2,1
c5847,0,0,0
c5848,46,4,1
c5849,6,0,2
c5850,10,0,4
c5851,0,3,3
c5852,65,4,4
c5853,18,0,4
c5854,0,4,7
c5855,9,0,2
c5856,20,0,0
c5857,0,0,0
c5858,0,0,1
c5859,13,0,1
c5860,0,8,1
c5861,17,0,2
c5862,7,0,1
c5863,27,0,1
c5864,20,0,2
c5865,0,2,3
c5866,17,0,2
c5867,15,0,2
c5868,14,2,4
c5869,0,10,2
c5870,16,9,4
c5871,16,0,3
c5872,20,2,6
c5873,11,0,2
c5874,0,0,2
c5875,0,4,4
c5876,18,2,1
c5877,36,4,0
c5878,14,4,2
c5879,22,0,3
c5880,9,2,3
c5881,0,2,2
c5882,15,4,4
c5883,9,4,2
c5884,0,0,0
c5885,19,0,4
c5886,0,2,1
c5887,3,0,0
c5888,3,4,1
c5889,9,0,2
c5890,8,0,5
c5891,0,0,1
c5892,0,0,3
c5893,12,2,2
c5894,16,0,2
c5895,46,2,4
c5896,19,6,3
c5897,0,3,7
c5898,0,0,3
c5899,0,2,2
c5900,27,0,0
c5901,7,2,5
c5902,37,2,2
c5903,57,8,2
c5904,12,0,0
c5905,12,2,0
c5906,20,4,3
c5907,12,0,0
c5908,29,4,8
c5909,14,4,4
c5910,14,0,0
c5911,0,0,0
c5912,0,2,2
c5913,0,0,5
c5914,8,0,0
c5915,10,9,1
c5916,14,0,1
c5917,14,0,3
c5918,19,0,10
c5919,5,2,5
c5920,0,0,0
c5921,21,0,2
c5922,0,2,3
c5923,42,6,4
c5924,0,0,0
c5925,0,14,1
c5926,13,0,3
c5927,6,2,5
c5928,17,7,1
c5929,3,4,2
c5930,19,0,3
c5931,0,0,1
c5932,15,0,2
c5933,18,0,2
c5934,0,0,5
c5935,0,0,4
c5936,16,0,2
c5937,8,2,0
c5938,30,0,4
c5939,0,7,1
c5940,17,2,1
c5941,14,6,1
c5942,0,2,1
c5943,59,1,2
c5944,24,12,2
c5945,0,0,0
c5946,16,4,7
c5947,13,2,0
c5948,15,0,2
c5949,15,0,2
c5950,21,2,2
c5951,18,2,1
c5952,0,4,1
c5953,12,0,1
c5954,9,0,0
c5955,10,4,7
c5956,20,8,3
c5957,9,0,2
c5958,0,0,5
c5959,12,4,4
c5960,8,2,4
c5961,13,4,1
c5962,21,0,3
c5963,15,0,3
c5964,18,2,3
c5965,9,2,2
c5966,0,2,5
c5967,10,4,3
c5968,16,2,6
c5969,23,4,0
c5970,16,4,0
c5971,11,2,4
c5972,19,0,4
c5973,48,0,2
c5974,23,5,10
c5975,20,0,0
c5976,0,2,0
c5977,32,7,2
c5978,41,13,8
c5979,24,0,0
c5980,13,2,3
c5981,12,0,2
c5982,0,2,0
c5983,38,2,9
c5984,16,4,1
c5985,24,7,1
c5986,0,10,2
c5987,17,0,7
c5988,19,0,6
c5989,14,6,3
c5990,0,4,2
c5991,10,0,2
c5992,32,2,9
c5993,7,6,2
c5994,20,0,0
c5995,5,0,2
c5996,38,8,14
c5997,17,0,3
c5998,16,0,0
c5999,19,0,2
c6000,0,0,5
c6001,0,9,2
c6002,12,6,2
c6003,0,0,1
c6004,8,0,0
c6005,9,0,1
c6006,18,1,3
c6007,29,2,0
c6008,0,0,0
c6009,21,6,7
c6010,6,0,2
c6011,67,6,4
c6012,0,0,0
c6013,0,0,11
c6014,11,0,1
c6015,37,4,7
c6016,0,0,3
c6017,18,8,2
c6018,24,1,2
c6019,39,4,11
c6020,6,0,1
c6021,12,0,3
c6022,23,2,2
c6023,12,2,3
c6024,29,2,0
c6025,0,0,2
c6026,9,0,1
c6027,4,0,6
c6028,21,2,1
c6029,22,0,2
c6030,4,2,3
c6031,13,0,1
c6032,0,6,0
c6033,12,2,0
c6034,27,2,7
c6035,15,0,3
c6036,0,4,1
c6037,10,0,1
c6038,0,2,0
c6039,28,2,4
c6040,0,0,0
c6041,29,2,5
c6042,1,0,2
c6043,28,0,2
c6044,12,0,4
c6045,100,8,0
c6046,49,2,9
c6047,15,4,2
c6048,17,4,2
c6049,32,6,2
c6050,11,0,0
c6051,10,0,4
c6052,4,0,6
c6053,0,4,4
c6054,11,0,5
c6055,23,0,2
c6056,16,0,7
c6057,9,2,3
c6058,0,0,1
c6059,5,4,2
c6060,0,6,3
c6061,7,3,2
c6062,0,0,0
c6063,13,0,14
c6064,34,0,4
c6065,0,0,0
c6066,16,0,0
c6067,33,8,9
c6068,22,0,2
c6069,23,0,8
c6070,0,4,1
c6071,20,4,5
c6072,12,0,5
c6073,18,0,2
c6074,0,0,1
c6075,0,2,3
c6076,0,2,3
c6077,41,2,3
c6078,11,2,2
c6079,20,0,0
c6080,11,0,0
c6081,15,12,2
c6082,16,2,3
c6083,0,0,4
c6084,7,0,4
c6085,0,0,0
c6086,0,0,4
c6087,34,6,3
c6088,6,0,0
c6089,5,4,2
c6090,22,18,5
c6091,10,4,6
c6092,8,0,1
c6093,11,2,0
c6094,12,2,2
c6095,8,0,0
c6096,20,2,1
c6097,23,2,0
c6098,22,0,6
c6099,12,0,1
c6100,20,0,3
c6101,29,0,7
c6102,11,2,2
c6103,5,0,3
c6104,10,2,3
c6105,23,2,9
c6106,13,4,0
c6107,0,0,1
c6108,10,2,0
c6109,0,0,2
c6110,42,0,8
c6111,33,0,1
c6112,12,2,2
c6113,9,2,3
c6114,21,0,2
c6115,11,0,0
c6116,5,10,1
c6117,10,0,1
c6118,13,2,4
c6119,7,6,6
c6120,18,2,3
c6121,15,0,1
c6122,26,0,3
c6123,9,0,4
c6124,14,4,3
c6125,7,0,0
c6126,8,6,2
c6127,9,4,3
c6128,10,0,1
c6129,38,0,6
c6130,1,5,2
c6131,0,2,4
c6132,31,4,3
c6133,0,0,0
c6134,23,2,6
c6135,23,0,2
c6136,12,0,0
c6137,19,2,0
c6138,7,0,4
c6139,0,0,3
c6140,14,3,1
c6141,18,7,3
c6142,7,0,5
c6143,10,0,0
c6144,44,0,5
c6145,15,0,1
c6146,11,2,2
c6147,30,8,6
c6148,0,0,1
c6149,8,0,6
c6150,8,0,0
c6151,14,0,5
c6152,0,0,1
c6153,12,2,1
c6154,7,2,1
c6155,16,0,0
c6156,11,0,2
c6157,23,0,8
c6158,19,0,3
c6159,39,2,3
c6160,0,6,5
c6161,0,0,2
c6162,7,0,1
c6163,16,0,0
c6164,0,0,6
c6165,7,2,4
c6166,10,4,2
c6167,15,6,1
c6168,19,2,2
c6169,10,0,3
c6170,8,5,0
c6171,14,0,3
c6172,10,0,2
c6173,21,0,1
c6174,14,0,2
c6175,0,0,0
c6176,7,0,0
c6177,14,4,1
c6178,13,1,4
c6179,33,8,8
c6180,13,2,3
c6181,24,2,1
c6182,26,0,4
c6183,10,2,3
c6184,4,0,6
c6185,8,2,5
c6186,10,0,1
c6187,14,0,2
c6188,22,12,2
c6189,17,2,6
c6190,11,0,7
c6191,16,2,3
c6192,3,0,1
c6193,10,1,4
c6194,22,0,3
c6195,25,0,2
c6196,27,0,5
c6197,0,2,1
c6198,10,0,2
c6199,11,0,0
c6200,18,2,0
c6201,17,0,7
c6202,0,0,2
c6203,11,0,1
c6204,0,0,4
c6205,9,0,0
c6206,28,12,3
c6207,0,0,3
c6208,11,0,2
c6209,37,7,3
c6210,0,28,12
c6211,8,2,1
c6212,42,2,4
c6213,0,2,4
c6214,15,2,2
c6215,6,10,0
c6216,31,0,7
c6217,19,2,0
c6218,22,2,0
c6219,11,0,2
c6220,5,12,3
c6221,0,4,4
c6222,16,0,1
c6223,26,2,4
c6224,16,0,1
c6225,17,3,4
c6226,8,5,1
c6227,0,6,1
c6228,19,0,0
c6229,39,0,10
c6230,0,7,1
c6231,6,0,3
c6232,25,0,3
c6233,0,0,0
c6234,0,0,2
c6235,0,0,5
c6236,72,2,4
c6237,0,5,3
c6238,8,0,3
c6239,11,0,4
c6240,0,2,1
c6241,0,2,4
c6242,16,0,6
c6243,17,2,2
c6244,32,0,4
c6245,4,0,3
c6246,20,4,4
c6247,41,0,3
c6248,21,0,4
c6249,0,0,3
c6250,5,2,5
c6251,8,0,1
c6252,15,0,6
c6253,62,2,2
c6254,21,1,1
c6255,0,0,0
c6256,24,6,4
c6257,10,4,3
c6258,0,2,1
c6259,8,2,0
c6260,6,0,1
c6261,30,0,2
c6262,0,0,2
c6263,14,0,2
c6264,13,0,3
c6265,24,0,1
c6266,0,2,4
c6267,14,0,3
c6268,13,0,7
c6269,19,2,2
c6270,0,0,2
c6271,20,1,7
c6272,0,0,4
c6273,14,0,1
c6274,10,4,2
c6275,11,0,1
c6276,11,0,2
c6277,10,0,2
c6278,27,0,3
c6279,13,4,3
c6280,13,0,0
c6281,0,2,5
c6282,10,2,4
c6283,14,0,2
c6284,1,3,1
c6285,17,4,4
c6286,18,0,2
c6287,0,0,5
c6288,25,10,1
c6289,38,2,3
c6290,49,0,10
c6291,15,6,3
c6292,49,0,3
c6293,13,0,2
c6294,5,0,0
c6295,11,0,0
c6296,12,6,3
c6297,11,2,2
c6298,0,0,0
c6299,14,0,5
c6300,12,0,2
c6301,27,4,3
c6302,22,2,3
c6303,0,0,3
c6304,22,0,2
c6305,7,5,1
c6306,21,6,1
c6307,8,2,1
c6308,14,4,5
c6309,17,0,1
c6310,19,2,3
c6311,32,0,1
c6312,0,2,0
c6313,14,4,1
c6314,5,6,0
c6315,12,5,2
c6316,0,0,1
c6317,2,4,2
c6318,22,2,3
c6319,8,2,4
c6320,31,0,3
c6321,37,4,8
c6322,19,0,2
c6323,7,0,3
c6324,13,0,1
c6325,2,0,1
c6326,16,6,4
c6327,36,2,4
c6328,0,2,1
c6329,0,0,2
c6330,39,0,3
c6331,0,0,0
c6332,0,2,2
c6333,10,1,1
c6334,18,0,3
c6335,0,2,0
c6336,12,0,4
c6337,0,6,8
c6338,8,0,2
c6339,20,0,0
c6340,28,2,3
c6341,36,0,4
c6342,11,2,1
c6343,46,2,7
c6344,40,0,4
c6345,13,1,0
c6346,27,2,6
c6347,12,0,3
c6348,8,2,6
c6349,17,2,5
c6350,0,2,0
c6351,14,0,2
c6352,11,0,0
c6353,26,2,3
c6354,0,6,1
c6355,0,12,0
c6356,11,5,3
c6357,0,2,7
c6358,12,0,2
c6359,21,6,3
c6360,0,0,2
c6361,15,8,0
c6362,6,0,3
c6363,10,8,2
c6364,0,0,5
c6365,37,0,0
c6366,23,0,0
c6367,0,0,2
c6368,0,1,4
c6369,8,0,2
c6370,6,0,1
c6371,0,0,4
c6372,14,0,6
c6373,0,0,3
c6374,11,2,1
c6375,0,0,5
c6376,2,2,3
c6377,18,0,3
c6378,0,4,1
c6379,4,0,4
c6380,0,2,0
c6381,19,0,1
c6382,25,0,2
c6383,3,2,3
c6384,21,5,4
c6385,36,0,6
c6386,10,0,1
c6387,6,4,5
c6388,0,1,4
c6389,25,0,2
c6390,14,0,0
c6391,15,8,0
c6392,27,0,3
c6393,15,2,2
c6394,0,0,3
c6395,41,4,5
c6396,5,0,3
c6397,6,0,5
c6398,16,0,4
c6399,17,0,0
c6400,17,6,2
c6401,0,0,0
c6402,3,0,2
c6403,11,0,2
c6404,6,0,2
c6405,10,0,4
c6406,0,3,5
c6407,0,2,12
c6408,41,0,9
c6409,15,0,7
c6410,0,0,3
c6411,28,2,7
c6412,9,0,5
c6413,16,0,1
c6414,16,2,4
c6415,9,0,1
c6416,37,4,2
c6417,0,0,0
c6418,0,2,7
c6419,15,2,4
c6420,0,0,2
c6421,0,0,0
c6422,15,0,2
c6423,20,4,1
c6424,17,2,4
c6425,9,2,3
c6426,0,0,4
c6427,6,2,2
c6428,16,0,2
c6429,16,2,3
c6430,20,2,2
c6431,20,2,3
c6432,13,2,2
c6433,0,0,0
c6434,29,0,1
c6435,14,4,2
c6436,11,4,2
c6437,7,0,1
c6438,0,0,0
c6439,15,0,1
c6440,11,0,0
c6441,38,2,4
c6442,40,2,8
c6443,26,2,4
c6444,15,0,0
c6445,12,0,0
c6446,0,0,4
c6447,14,0,0
c6448,39,0,2
c6449,8,0,1
c6450,40,0,10
c6451,14,0,3
c6452,12,2,5
c6453,11,0,0
c6454,16,0,2
c6455,28,4,2
c6456,9,4,4
c6457,11,0,10
c6458,12,2,1
c6459,0,0,2
c6460,16,0,6
c6461,26,0,1
c6462,12,4,1
c6463,0,8,8
c6464,27,0,1
c6465,47,8,5
c6466,75,8,4
c6467,18,0,4
c6468,33,4,1
c6469,13,2,3
c6470,0,6,0
c6471,0,4,1
c6472,7,0,1
c6473,0,0,0
c6474,32,2,4
c6475,33,4,8
c6476,0,0,2
c6477,0,4,11
c6478,26,0,3
c6479,0,2,0
c6480,21,2,5
c6481,42,0,6
c6482,10,2,6
c6483,33,0,2
c6484,0,12,1
c6485,46,3,3
c6486,0,0,3
c6487,24,4,1
c6488,33,0,5
c6489,43,0,12
c6490,9,0,0
c6491,9,0,2
c6492,0,0,4
c6493,7,0,3
c6494,18,4,4
c6495,23,0,4
c6496,0,0,3
c6497,4,0,2
c6498,0,0,1
c6499,10,0,5
c6500,8,4,3
c6501,16,0,3
c6502,3,0,5
c6503,0,0,0
c6504,0,0,5
c6505,9,2,3
c6506,8,0,5
c6507,26,6,3
c6508,9,0,5
c6509,10,2,1
c6510,15,12,0
c6511,13,0,1
c6512,0,0,2
c6513,0,0,4
c6514,26,0,0
c6515,18,0,2
c6516,0,2,4
c6517,0,0,9
c6518,15,0,2
c6519,0,0,1
c6520,32,0,0
c6521,12,0,2
c6522,20,0,4
c6523,32,0,3
c6524,16,2,6
c6525,12,4,6
c6526,10,0,5
c6527,0,0,5
c6528,14,0,4
c6529,0,0,3
c6530,20,0,1
c6531,0,0,2
c6532,6,0,2
c6533,13,5,1
c6534,16,4,1
c6535,0,0,2
c6536,10,0,1
c6537,32,10,5
c6538,67,6,0
c6539,50,2,9
c6540,20,0,5
c6541,9,0,0
c6542,0,0,5
c6543,0,0,6
c6544,11,0,5
c6545,7,0,3
c6546,0,2,2
c6547,9,0,2
c6548,0,0,0
c6549,0,2,3
c6550,15,2,4
c6551,13,0,4
c6552,57,6,13
c6553,0,0,5
c6554,28,2,3
c6555,16,4,2
c6556,6,0,0
c6557,1,2,4
c6558,14,8,2
c6559,2,0,0
c6560,9,0,3
c6561,24,2,4
c6562,20,0,2
c6563,29,0,1
c6564,23,7,5
c6565,0,4,2
c6566,26,0,5
c6567,10,0,3
c6568,16,0,1
c6569,36,2,5
c6570,0,0,2
c6571,10,2,5
c6572,34,4,3
c6573,10,2,1
c6574,22,2,3
c6575,0,2,3
c6576,0,12,3
c6577,0,0,1
c6578,10,0,5
c6579,0,2,5
c6580,16,0,1
c6581,13,0,2
c6582,0,0,5
c6583,1,16,5
c6584,14,0,4
c6585,0,2,1
c6586,8,8,1
c6587,16,5,2
c6588,0,0,10
c6589,8,2,4
c6590,0,4,6
c6591,59,0,0
c6592,25,0,10
c6593,9,0,0
c6594,0,0,3
c6595,22,0,1
c6596,28,5,0
c6597,0,0,3
c6598,5,2,3
c6599,8,0,1
c6600,19,4,5
c6601,38,2,6
c6602,11,2,2
c6603,3,0,0
c6604,10,2,1
c6605,47,3,0
c6606,6,2,2
c6607,12,2,1
c6608,0,0,1
c6609,47,2,9
c6610,8,0,4
c6611,10,0,6
c6612,0,0,4
c6613,14,6,3
c6614,6,0,3
c6615,21,0,5
c6616,10,12,0
c6617,28,0,2
c6618,0,0,6
c6619,36,2,2
c6620,0,0,2
c6621,11,2,1
c6622,36,5,0
c6623,23,3,0
c6624,15,0,1
c6625,28,0,7
c6626,30,0,3
c6627,23,2,2
c6628,11,0,4
c6629,0,0,0
c6630,21,0,4
c6631,4,0,0
c6632,16,2,6
c6633,9,4,3
c6634,30,6,4
c6635,72,1,5
c6636,0,0,10
c6637,21,0,2
c6638,11,0,3
c6639,19,0,3
c6640,10,4,10
c6641,22,0,2
c6642,11,7,1
c6643,14,0,0
c6644,10,4,1
c6645,13,0,1
c6646,16,0,2
c6647,23,0,2
c6648,24,2,6
c6649,13,4,1
c6650,0,0,3
c6651,11,0,4
c6652,0,0,5
c6653,11,2,4
c6654,12,0,2
c6655,6,0,1
c6656,0,0,0
c6657,19,0,1
c6658,32,0,2
c6659,12,4,4
c6660,0,2,5
c6661,22,0,1
c6662,19,2,4
c6663,24,0,4
c6664,19,6,3
c6665,53,6,3
c6666,21,0,1
c6667,15,0,0
c6668,16,2,3
c6669,10,5,2
c6670,0,2,6
c6671,12,0,1
c6672,0,2,2
c6673,11,1,2
c6674,41,0,5
c6675,11,0,8
c6676,39,0,3
c6677,38,0,6
c6678,16,0,7
c6679,37,0,2
c6680,0,0,1
c6681,52,2,6
c6682,0,2,1
c6683,0,0,1
c6684,0,4,3
c6685,0,6,11
c6686,27,6,5
c6687,49,3,4
c6688,33,2,5
c6689,3,0,4
c6690,0,2,2
c6691,0,4,7
c6692,12,6,2
c6693,17,0,2
c6694,16,2,1
c6695,10,2,2
c6696,12,0,2
c6697,13,8,1
c6698,0,2,0
c6699,42,0,8
c6700,14,2,1
c6701,17,0,1
c6702,14,0,4
c6703,0,0,5
c6704,45,2,9
c6705,35,6,0
c6706,10,2,1
c6707,20,0,5
c6708,9,2,1
c6709,11,4,3
c6710,5,0,0
c6711,0,0,5
c6712,11,4,0
c6713,14,0,2
c6714,13,0,2
c6715,0,0,0
c6716,23,2,3
c6717,15,2,3
c6718,0,0,0
c6719,5,4,3
c6720,36,10,2
c6721,5,2,0
c6722,16,7,5
c6723,0,0,0
c6724,0,0,2
c6725,4,0,2
c6726,8,0,2
c6727,2,4,1
c6728,10,0,0
c6729,28,0,3
c6730,0,0,0
c6731,10,2,0
c6732,13,2,7
c6733,0,0,0
c6734,0,1,0
c6735,9,0,0
c6736,18,1,3
c6737,0,0,0
c6738,0,0,0
c6739,8,2,1
c6740,15,4,4
c6741,0,2,0
c6742,19,0,1
c6743,10,0,1
c6744,25,0,1
c6745,0,0,2
c6746,9,0,3
c6747,13,0,4
c6748,16,2,3
c6749,11,0,6
c6750,11,0,5
c6751,11,0,3
c6752,18,0,1
c6753,0,2,3
c6754,23,6,2
c6755,0,0,0
c6756,41,4,5
c6757,36,0,2
c6758,10,8,1
c6759,22,0,5
c6760,14,0,3
c6761,0,2,4
c6762,5,0,3
c6763,24,0,4
c6764,11,2,1
c6765,16,0,0
c6766,14,4,14
c6767,28,0,4
c6768,12,0,1
c6769,17,6,4
c6770,0,0,2
c6771,13,0,2
c6772,38,0,5
c6773,20,0,2
c6774,13,2,6
c6775,0,2,4
c6776,26,2,5
c6777,12,2,3
c6778,26,0,1
c6779,17,6,4
c6780,16,0,1
c6781,29,6,5
c6782,18,2,3
c6783,25,0,2
c6784,22,2,3
c6785,16,4,6
c6786,26,10,4
c6787,17,7,2
c6788,13,0,3
c6789,40,0,5
c6790,0,0,0
c6791,32,4,3
c6792,43,2,3
c6793,17,2,6
c6794,16,0,4
c6795,0,6,5
c6796,34,4,1
c6797,39,1,10
c6798,8,1,6
c6799,4,0,2
c6800,34,0,2
c6801,8,2,2
c6802,4,2,1
c6803,16,0,0
c6804,9,2,3
c6805,19,0,0
c6806,0,0,0
c6807,45,2,6
c6808,0,4,3
c6809,0,0,0
c6810,13,2,3
c6811,0,8,1
c6812,14,6,2
c6813,26,2,3
c6814,22,8,6
c6815,9,2,3
c6816,46,2,2
c6817,19,4,2
c6818,9,0,0
c6819,17,2,1
c6820,30,4,0
c6821,8,2,6
c6822,13,2,0
c6823,15,0,5
c6824,0,0,4
c6825,21,4,7
c6826,53,0,2
c6827,27,6,4
c6828,13,2,1
c6829,11,2,6
c6830,0,4,1
c6831,30,2,12
c6832,8,0,2
c6833,4,0,7
c6834,24,6,0
c6835,16,2,0
c6836,12,0,0
c6837,29,6,5
c6838,41,2,5
c6839,23,2,3
c6840,0,0,1
c6841,17,0,2
c6842,26,4,4
c6843,22,0,3
c6844,42,14,8
c6845,12,10,0
c6846,16,0,4
c6847,0,2,3
c6848,4,4,2
c6849,0,0,3
c6850,8,0,3
c6851,9,0,2
c6852,11,0,2
c6853,25,0,2
c6854,21,0,1
c6855,29,0,4
c6856,29,0,8
c6857,16,6,2
c6858,25,2,2
c6859,22,0,2
c6860,13,0,8
c6861,5,0,3
c6862,12,0,2
c6863,28,0,5
c6864,17,0,1
c6865,25,0,10
c6866,19,0,0
c6867,15,0,1
c6868,0,4,2
c6869,0,0,2
c6870,17,0,1
c6871,10,3,3
c6872,0,0,0
c6873,11,0,3
c6874,40,0,5
c6875,32,2,1
c6876,4,0,1
c6877,20,0,3
c6878,7,0,3
c6879,14,2,2
c6880,10,0,1
c6881,0,0,1
c6882,13,2,2
c6883,0,0,0
c6884,18,0,3
c6885,34,0,4
c6886,12,4,0
c6887,8,4,4
c6888,7,2,0
c6889,20,10,5
c6890,11,0,2
c6891,0,0,2
c6892,39,4,2
c6893,0,0,6
c6894,0,0,2
c6895,8,0,3
c6896,9,0,0
c6897,46,2,6
c6898,13,2,1
c6899,0,3,5
c6900,14,0,2
c6901,18,0,5
c6902,13,4,7
c6903,14,0,3
c6904,0,2,2
c6905,9,0,0
c6906,0,2,4
c6907,21,0,4
c6908,16,0,0
c6909,22,3,0
c6910,36,6,3
c6911,7,2,4
c6912,9,2,1
c6913,13,4,2
c6914,0,0,0
c6915,15,0,2
c6916,12,2,0
c6917,16,4,3
c6918,16,4,3
c6919,0,0,0
c6920,20,0,2
c6921,0,0,1
c6922,13,4,2
c6923,13,0,0
c6924,27,8,2
c6925,11,2,2
c6926,0,0,2
c6927,5,0,5
c6928,25,2,11
c6929,49,2,5
c6930,6,6,3
c6931,54,7,4
c6932,10,6,2
c6933,9,0,2
c6934,39,0,1
c6935,12,2,0
c6936,9,0,1
c6937,0,0,2
c6938,14,0,3
c6939,18,0,2
c6940,17,4,0
c6941,18,3,2
c6942,15,2,3
c6943,37,8,5
c6944,0,4,6
c6945,0,0,2
c6946,0,8,1
c6947,0,8,2
c6948,0,0,0
c6949,49,1,5
c6950,21,3,1
c6951,0,0,0
c6952,20,0,6
c6953,15,0,4
c6954,16,0,6
c6955,36,6,3
c6956,11,0,0
c6957,0,0,3
c6958,0,2,8
c6959,24,4,0
c6960,34,2,0
c6961,0,0,4
c6962,0,0,3
c6963,1,2,5
c6964,12,0,0
c6965,31,0,6
c6966,9,2,2
c6967,0,8,2
c6968,18,0,1
c6969,7,2,0
c6970,13,0,5
c6971,9,0,4
c6972,13,0,4
c6973,14,0,1
c6974,13,2,1
c6975,16,2,6
c6976,15,0,3
c6977,10,2,3
c6978,6,2,2
c6979,33,3,4
c6980,34,0,5
c6981,27,0,4
c6982,6,4,1
c6983,13,0,5
c6984,9,0,2
c6985,6,7,2
c6986,24,0,4
c6987,47,0,7
c6988,15,0,6
c6989,13,3,1
c6990,13,0,9
c6991,0,0,0
c6992,19,2,4
c6993,19,0,3
c6994,11,2,6
c6995,13,0,7
c6996,13,0,2
c6997,15,2,4
c6998,11,0,3
c6999,0,6,6
c7000,0,4,1
c7001,25,0,9
c7002,13,0,2
c7003,49,7,12
c7004,0,0,1
c7005,24,0,3
c7006,11,0,3
c7007,13,0,1
c7008,0,0,0
c7009,0,0,1
c7010,21,0,1
c7011,25,6,2
c7012,7,2,2
c7013,18,4,2
c7014,8,2,2
c7015,12,0,1
c7016,0,2,7
c7017,0,0,5
c7018,0,0,0
c7019,12,0,0
c7020,0,2,1
c7021,19,6,7
c7022,29,0,6
c7023,0,2,3
c7024,6,2,5
c7025,0,4,0
c7026,21,0,1
c7027,26,2,5
c7028,19,0,1
c7029,38,0,4
c7030,12,2,1
c7031,10,2,0
c7032,16,6,2
c7033,0,0,1
c7034,8,0,2
c7035,7,4,4
c7036,10,0,5
c7037,0,0,0
c7038,0,1,3
c7039,4,2,1
c7040,11,2,8
c7041,27,0,4
c7042,27,4,2
c7043,12,0,0
c7044,8,0,3
c7045,6,0,2
c7046,27,6,2
c7047,12,0,5
c7048,30,2,3
c7049,0,4,3
c7050,17,0,4
c7051,30,0,10
c7052,8,0,4
c7053,19,6,3
c7054,33,2,2
c7055,37,0,2
c7056,17,0,0
c7057,0,0,0
c7058,10,0,0
c7059,0,4,0
c7060,0,0,2
c7061,13,6,2
c7062,22,2,5
c7063,0,0,2
c7064,15,4,2
c7065,64,11,11
c7066,19,0,4
c7067,14,0,3
c7068,28,6,6
c7069,35,0,6
c7070,36,2,3
c7071,18,0,5
c7072,8,0,1
c7073,1,0,1
c7074,26,2,2
c7075,12,6,2
c7076,0,0,3
c7077,13,2,1
c7078,13,0,6
c7079,0,0,1
c7080,14,0,4
c7081,0,2,2
c7082,29,0,5
c7083,9,0,1
c7084,18,2,4
c7085,0,6,6
c7086,14,4,0
c7087,0,0,0
c7088,10,8,2
c7089,7,0,4
c7090,7,2,5
c7091,11,10,7
c7092,27,6,4
c7093,8,0,2
c7094,0,0,3
c7095,0,2,5
c7096,11,0,2
c7097,12,2,0
c7098,19,0,0
c7099,17,1,3
c7100,12,8,0
c7101,22,0,5
c7102,14,2,1
c7103,7,2,1
c7104,48,2,4
c7105,10,0,1
c7106,36,2,4
c7107,12,0,4
c7108,28,2,2
c7109,7,4,2
c7110,14,2,0
c7111,22,0,1
c7112,5,2,0
c7113,9,0,0
c7114,23,0,6
c7115,14,4,2
c7116,19,0,1
c7117,38,0,7
c7118,27,6,1
c7119,25,4,5
c7120,7,0,2
c7121,24,0,5
c7122,8,12,2
c7123,0,0,1
c7124,21,0,5
c7125,3,2,1
c7126,30,2,4
c7127,14,2,2
c7128,17,4,4
c7129,27,0,2
c7130,10,2,2
c7131,22,11,0
c7132,0,2,6
c7133,12,2,3
c7134,15,0,2
c7135,0,8,6
c7136,0,0,2
c7137,14,0,0
c7138,0,2,1
c7139,9,2,4
c7140,16,0,4
c7141,17,0,4
c7142,0,0,0
c7143,15,0,4
c7144,16,4,6
c7145,0,9,9
c7146,22,0,2
c7147,11,0,0
c7148,27,6,1
c7149,18,0,9
c7150,15,0,11
c7151,21,0,7
c7152,19,0,4
c7153,41,0,5
c7154,15,4,3
c7155,13,0,0
c7156,0,0,10
c7157,16,2,1
c7158,0,0,4
c7159,11,4,2
c7160,7,0,2
c7161,19,2,3
c7162,15,0,1
c7163,0,0,2
c7164,7,0,1
c7165,7,0,3
c7166,16,0,2
c7167,20,0,5
c7168,23,0,5
c7169,10,2,2
c7170,24,0,2
c7171,33,0,1
c7172,0,0,2
c7173,12,2,1
c7174,14,0,3
c7175,10,2,1
c7176,8,0,3
c7177,17,8,5
c7178,12,0,0
c7179,20,2,2
c7180,22,0,5
c7181,16,0,4
c7182,0,14,7
c7183,3,2,0
c7184,11,2,2
c7185,25,4,6
c7186,5,0,2
c7187,0,2,7
c7188,16,2,6
c7189,7,0,1
c7190,14,0,1
c7191,6,0,3
c7192,13,0,5
c7193,37,0,7
c7194,18,0,3
c7195,11,0,1
c7196,25,0,3
c7197,13,2,6
c7198,0,2,3
c7199,24,0,1
c7200,0,0,2
c7201,19,3,0
c7202,23,2,1
c7203,21,2,7
c7204,10,0,1
c7205,22,12,6
c7206,11,0,3
c7207,18,4,2
c7208,0,0,2
c7209,8,4,2
c7210,8,0,2
c7211,30,4,6
c7212,0,0,1
c7213,30,2,2
c7214,23,0,3
c7215,20,0,3
c7216,13,0,8
c7217,20,4,2
c7218,10,2,3
c7219,9,2,0
c7220,0,0,0
c7221,13,5,1
c7222,18,2,0
c7223,10,0,2
c7224,7,0,1
c7225,15,2,5
c7226,13,0,1
c7227,12,2,4
c7228,13,6,2
c7229,51,10,7
c7230,7,0,2
c7231,0,0,11
c7232,33,2,2
c7233,0,0,0
c7234,0,0,9
c7235,8,0,1
c7236,27,0,1
c7237,5,4,1
c7238,26,2,2
c7239,53,0,1
c7240,0,0,1
c7241,8,3,2
c7242,7,0,0
c7243,8,0,1
c7244,0,0,5
c7245,4,0,3
c7246,6,6,3
c7247,9,0,3
c7248,0,0,0
c7249,9,2,1
c7250,8,0,2
c7251,12,0,0
c7252,18,2,0
c7253,7,0,1
c7254,14,0,7
c7255,0,2,1
c7256,22,4,0
c7257,39,2,3
c7258,4,2,6
c7259,33,2,1
c7260,10,2,3
c7261,0,10,5
c7262,31,0,5
c7263,12,2,1
c7264,5,2,4
c7265,0,0,0
c7266,13,0,2
c7267,26,0,7
c7268,0,0,2
c7269,11,2,1
c7270,38,16,4
c7271,36,0,4
c7272,11,4,3
c7273,8,6,2
c7274,11,0,2
c7275,8,2,2
c7276,0,0,0
c7277,0,0,1
c7278,13,0,2
c7279,25,0,2
c7280,15,0,4
c7281,33,4,4
c7282,13,0,0
c7283,0,0,5
c7284,9,0,11
c7285,41,8,8
c7286,10,0,3
c7287,15,4,3
c7288,23,2,5
c7289,0,2,4
c7290,14,4,2
c7291,27,4,3
c7292,33,2,3
c7293,4,2,0
c7294,12,0,2
c7295,28,4,4
c7296,64,6,8
c7297,11,2,2
c7298,30,0,0
c7299,0,0,6
c7300,36,2,3
c7301,20,0,3
c7302,20,0,1
c7303,22,2,2
c7304,0,3,6
c7305,6,0,1
c7306,9,0,0
c7307,0,2,5
c7308,15,2,9
c7309,37,2,3
c7310,0,0,0
c7311,24,2,6
c7312,13,2,1
c7313,24,0,5
c7314,19,0,1
c7315,28,0,4
c7316,0,0,1
c7317,24,0,5
c7318,0,0,0
c7319,15,0,3
c7320,13,0,4
c7321,18,0,1
c7322,0,0,2
c7323,20,0,1
c7324,16,2,2
c7325,4,0,1
c7326,33,9,8
c7327,0,4,2
c7328,31,0,7
c7329,7,0,0
c7330,18,3,2
c7331,13,2,2
c7332,27,0,3
c7333,11,4,2
c7334,20,4,0
c7335,40,22,5
c7336,0,0,0
c7337,0,4,3
c7338,9,0,2
c7339,11,2,0
c7340,13,4,2
c7341,16,0,2
c7342,0,4,7
c7343,16,2,2
c7344,14,4,2
c7345,9,0,3
c7346,21,4,4
c7347,18,0,1
c7348,15,2,5
c7349,15,4,4
c7350,11,0,0
c7351,6,2,2
c7352,48,0,8
c7353,4,2,7
c7354,0,6,1
c7355,26,6,5
c7356,0,0,1
c7357,28,1,1
c7358,0,0,1
c7359,36,9,13
c7360,14,2,5
c7361,22,0,0
c7362,0,0,2
c7363,14,3,2
c7364,37,8,10
c7365,11,0,3
c7366,13,0,6
c7367,9,0,2
c7368,20,0,2
c7369,44,4,7
c7370,14,5,9
c7371,15,2,2
c7372,14,0,1
c7373,10,0,1
c7374,0,4,9
c7375,7,1,5
c7376,15,6,2
c7377,0,4,1
c7378,13,2,3
c7379,18,0,5
c7380,9,0,4
c7381,32,6,5
c7382,27,1,5
c7383,33,8,1
c7384,18,0,3
c7385,14,0,1
c7386,16,0,0
c7387,4,2,0
c7388,7,6,5
c7389,0,0,0
c7390,0,0,2
c7391,22,0,0
c7392,25,0,3
c7393,0,16,2
c7394,0,0,3
c7395,11,0,2
c7396,2,0,4
c7397,19,0,5
c7398,15,12,0
c7399,11,2,2
c7400,0,0,0
c7401,18,0,3
c7402,15,0,1
c7403,16,2,3
c7404,0,0,0
c7405,0,1,3
c7406,12,4,1
c7407,21,0,1
c7408,8,0,2
c7409,54,0,2
c7410,15,6,4
c7411,18,0,3
c7412,0,2,2
c7413,11,2,1
c7414,16,2,1
c7415,9,2,2
c7416,0,0,2
c7417,6,0,0
c7418,27,15,4
c7419,0,0,1
c7420,0,0,5
c7421,0,0,2
c7422,0,0,0
c7423,0,2,6
c7424,21,0,5
c7425,37,0,5
c7426,19,3,3
c7427,23,2,3
c7428,48,0,11
c7429,27,5,3
c7430,32,2,3
c7431,0,0,0
c7432,5,0,3
c7433,0,0,0
c7434,7,0,0
c7435,38,2,6
c7436,23,2,1
c7437,5,0,2
c7438,4,6,4
c7439,29,0,1
c7440,0,2,0
c7441,17,0,3
c7442,54,2,5
c7443,32,2,5
c7444,12,0,1
c7445,19,2,6
c7446,0,0,2
c7447,26,0,4
c7448,0,4,0
c7449,13,3,1
c7450,23,2,2
c7451,11,4,11
c7452,0,4,2
c7453,32,0,6
c7454,10,2,6
c7455,45,2,3
c7456,16,0,2
c7457,18,0,2
c7458,18,0,2
c7459,16,0,3
c7460,0,0,8
c7461,14,2,2
c7462,17,2,5
c7463,9,5,4
c7464,6,0,8
c7465,13,2,4
c7466,15,3,3
c7467,9,0,3
c7468,0,0,2
c7469,0,2,0
c7470,26,0,2
c7471,11,3,0
c7472,0,1,1
c7473,30,0,6
c7474,26,0,0
c7475,0,0,1
c7476,13,0,1
c7477,27,9,2
c7478,17,4,3
c7479,0,2,4
c7480,0,4,0
c7481,10,0,8
c7482,7,3,2
c7483,15,0,5
c7484,9,0,5
c7485,8,0,2
c7486,26,1,1
c7487,15,0,0
c7488,27,0,7
c7489,0,4,3
c7490,16,5,2
c7491,11,0,1
c7492,25,6,6
c7493,0,2,7
c7494,36,4,2
c7495,0,2,2
c7496,19,2,2
c7497,23,2,1
c7498,49,7,3
c7499,9,0,5
c7500,0,0,2
c7501,4,0,1
c7502,0,8,1
c7503,13,0,0
c7504,28,0,7
c7505,54,0,6
c7506,42,2,2
c7507,13,5,4
c7508,3,0,4
c7509,48,2,6
c7510,32,4,3
c7511,15,0,3
c7512,0,0,0
c7513,11,2,1
c7514,12,6,2
c7515,17,0,5
c7516,25,2,2
c7517,29,0,2
c7518,32,2,3
c7519,17,0,2
c7520,15,4,1
c7521,0,0,2
c7522,35,6,6
c7523,37,8,8
c7524,46,6,8
c7525,5,0,3
c7526,15,0,3
c7527,0,0,3
c7528,11,0,1
c7529,15,0,0
c7530,34,2,4
c7531,0,0,0
c7532,14,0,1
c7533,0,0,0
c7534,29,0,1
c7535,4,0,2
c7536,0,2,3
c7537,10,8,2
c7538,24,0,4
c7539,0,2,5
c7540,0,0,3
c7541,52,0,4
c7542,11,0,5
c7543,13,2,10
c7544,3,6,1
c7545,17,0,3
c7546,13,6,2
c7547,36,11,4
c7548,0,0,0
c7549,6,2,2
c7550,24,2,2
c7551,7,0,1
c7552,0,0,0
c7553,32,2,5
c7554,0,2,3
c7555,3,10,2
c7556,0,0,1
c7557,23,0,4
c7558,15,2,7
c7559,24,2,1
c7560,18,0,5
c7561,30,4,5
c7562,0,0,3
c7563,24,4,6
c7564,11,0,2
c7565,19,0,2
c7566,33,5,13
c7567,10,2,6
c7568,8,2,0
c7569,47,2,12
c7570,7,0,3
c7571,0,0,1
c7572,15,0,0
c7573,12,1,3
c7574,14,0,1
c7575,18,0,2
c7576,11,4,1
c7577,14,2,5
c7578,29,0,3
c7579,23,0,1
c7580,13,0,4
c7581,6,2,4
c7582,9,5,1
c7583,6,2,5
c7584,17,3,2
c7585,5,8,2
c7586,22,2,2
c7587,7,1,1
c7588,16,1,4
c7589,18,0,6
c7590,42,5,2
c7591,0,6,4
c7592,9,2,3
c7593,14,0,2
c7594,7,0,4
c7595,0,0,0
c7596,30,2,6
c7597,18,0,2
c7598,25,0,1
c7599,21,2,1
c7600,0,0,1
c7601,0,0,2
c7602,17,4,3
c7603,10,2,4
c7604,21,5,1
c7605,0,4,6
c7606,12,4,4
c7607,15,2,4
c7608,55,0,6
c7609,39,6,5
c7610,0,2,1
c7611,10,0,2
c7612,34,0,4
c7613,0,0,3
c7614,22,0,2
c7615,34,2,2
c7616,16,6,4
c7617,8,10,4
c7618,9,2,3
c7619,0,16,2
c7620,20,0,3
c7621,13,0,4
c7622,21,4,5
c7623,21,0,3
c7624,16,0,1
c7625,0,0,2
c7626,14,0,1
c7627,6,0,3
c7628,9,0,4
c7629,17,0,3
c7630,18,6,7
c7631,22,2,1
c7632,24,2,5
c7633,6,0,3
c7634,16,0,2
c7635,0,13,9
c7636,17,12,4
c7637,16,10,8
c7638,10,2,3
c7639,7,0,1
c7640,12,0,2
c7641,0,2,2
c7642,3,2,0
c7643,24,0,3
c7644,8,2,2
c7645,0,0,0
c7646,6,0,6
c7647,10,0,2
c7648,7,2,3
c7649,11,0,5
c7650,15,2,3
c7651,43,0,5
c7652,0,0,4
c7653,15,2,0
c7654,6,7,3
c7655,29,2,1
c7656,44,4,3
c7657,0,1,5
c7658,5,0,5
c7659,3,4,3
c7660,8,2,1
c7661,44,3,2
c7662,31,0,6
c7663,33,0,2
c7664,7,4,1
c7665,13,0,2
c7666,0,0,0
c7667,34,4,8
c7668,0,0,4
c7669,0,10,5
c7670,29,2,3
c7671,17,0,3
c7672,5,0,2
c7673,3,0,2
c7674,0,0,0
c7675,31,0,4
c7676,34,0,1
c7677,10,6,3
c7678,10,0,2
c7679,66,2,11
c7680,11,6,1
c7681,12,0,2
c7682,6,2,1
c7683,1,0,2
c7684,0,0,5
c7685,51,2,1
c7686,13,0,7
c7687,33,14,7
c7688,16,4,5
c7689,10,4,2
c7690,26,2,1
c7691,21,0,4
c7692,13,3,4
c7693,25,0,3
c7694,9,0,1
c7695,31,0,10
c7696,23,0,0
c7697,0,0,7
c7698,12,0,1
c7699,28,2,2
c7700,34,2,0
c7701,0,0,2
c7702,20,0,1
c7703,14,0,3
c7704,0,0,4
c7705,10,0,2
c7706,0,0,5
c7707,16,10,2
c7708,8,2,3
c7709,13,0,0
c7710,24,2,4
c7711,8,1,3
c7712,0,0,2
c7713,9,0,7
c7714,4,0,0
c7715,42,6,8
c7716,8,3,3
c7717,8,0,2
c7718,13,0,0
c7719,6,4,2
c7720,0,5,0
c7721,14,0,2
c7722,11,0,2
c7723,20,0,1
c7724,13,2,3
c7725,7,0,3
c7726,42,8,5
c7727,11,0,1
c7728,16,7,0
c7729,15,0,2
c7730,11,0,1
c7731,13,0,2
c7732,12,0,1
c7733,31,0,1
c7734,12,0,3
c7735,12,2,3
c7736,15,4,0
c7737,0,0,0
c7738,0,0,6
c7739,22,2,2
c7740,17,0,2
c7741,29,11,4
c7742,9,0,2
c7743,26,6,11
c7744,0,0,4
c7745,28,0,3
c7746,0,2,0
c7747,22,8,1
c7748,14,4,4
c7749,15,2,0
c7750,7,2,1
c7751,27,2,1
c7752,19,0,1
c7753,0,0,0
c7754,4,4,1
c7755,19,0,8
c7756,21,0,2
c7757,14,0,1
c7758,15,0,1
c7759,19,0,2
c7760,12,6,2
c7761,4,0,0
c7762,18,4,1
c7763,14,2,3
c7764,9,0,3
c7765,3,5,2
c7766,13,2,1
c7767,0,9,8
c7768,15,0,3
c7769,0,0,3
c7770,9,0,0
c7771,35,4,5
c7772,13,2,3
c7773,25,5,1
c7774,0,6,2
c7775,17,0,1
c7776,11,4,1
c7777,27,0,3
c7778,20,2,3
c7779,4,0,3
c7780,0,3,2
c7781,11,0,1
c7782,59,1,10
c7783,21,9,2
c7784,23,0,12
c7785,40,2,9
c7786,0,0,6
c7787,0,0,1
c7788,15,0,4
c7789,12,2,8
c7790,24,4,1
c7791,0,0,0
c7792,10,2,1
c7793,0,0,1
c7794,0,0,3
c7795,11,4,1
c7796,11,4,2
c7797,0,0,4
c7798,7,3,3
c7799,43,0,6
c7800,44,0,5
c7801,20,0,2
c7802,21,2,2
c7803,30,2,1
c7804,10,0,2
c7805,15,0,0
c7806,0,2,0
c7807,20,0,0
c7808,16,0,4
c7809,38,4,6
c7810,19,0,1
c7811,16,2,1
c7812,12,4,6
c7813,6,0,6
c7814,11,2,2
c7815,13,0,4
c7816,13,2,3
